"gene_symbol","mean_score","ensembl_id","entrez_id","uniprot_ids","n_diseases","total_pmids","mean_evidence"
"GRIN2D",1,"ENSG00000105464",2906,"O15399; Q59G17",1,1,0.954372623574145
"RTN4R",1,"ENSG00000040608",65078,"Q9BZR6",1,3,0.769230769230769
"CHI3L1",0.95,"ENSG00000133048",1116,"P36222",1,0,0.75
"GRIN2C",0.95,"ENSG00000161509",2905,"Q8IW23; A0A8D9PH81; Q14957; H0Y2V8; O15398",1,3,0.954887218045113
"SLC6A4",0.941666666666667,"ENSG00000108576",6532,"B2R7Y7; P31645",6,24,0.809750425837727
"BDNF",0.933333333333333,"ENSG00000176697",627,"P23560; A0A0E3SU01",6,20,0.874571369490904
"GABBR1",0.925,"ENSG00000204681",2550,"Q8IW08; C9J342; Q59HG8; A0A1U9X7R0; Q5SUJ9; Q9UBS5",2,4,0.947764900662252
"OXT",0.925,"ENSG00000101405",5020,"X5D7M6; P01178",4,13,0.895286816459262
"IL6",0.9125,"ENSG00000136244",3569,"P05231; B5MC21; B4DNQ5; B4DVM1; Q75MH2",4,9,0.92662365447988
"TNF",0.9125,"ENSG00000232810",7124,"Q5STB3; P01375",4,12,0.881476389979925
"GABBR2",0.9,"ENSG00000136928",9568,"H9NIL8; O75899",1,1,0.972972972972973
"INS",0.9,"ENSG00000254647",3630,"P01308; I3WAC9",1,6,1
"KMO",0.9,"ENSG00000117009",8564,"A8K693; O15229",1,4,0.846153846153846
"NPY",0.9,"ENSG00000122585",4852,"A4D158; P01303",3,10,0.879959756020877
"PPARA",0.9,"ENSG00000186951",5465,"F1D8S4; Q07869",1,2,0.904761904761905
"RELN",0.9,"ENSG00000189056",5649,"P78509",4,20,0.928883643675146
"SETD1A",0.9,"ENSG00000099381",9739,"O15047",1,2,0.96
"SOD1",0.9,"ENSG00000142168",6647,"V9HWC9; P00441",1,3,1
"SYN2",0.9,"ENSG00000157152",6854,"B3KRB3; Q86VA8; Q92777; Q59GM1",1,0,0.9
"SYNE1",0.9,"ENSG00000131018",23345,"A0A0C4DG40; B4E3R1; F8WAI0; B7Z9Y6; Q8NF91",1,2,1
"GABRR1",0.9,"ENSG00000146276",2569,"P24046",2,3,0.942406692406692
"SHANK3",0.9,"ENSG00000251322",85358,"",2,4,0.939695550351288
"S100B",0.883333333333333,"ENSG00000160307",6285,"P04271; A0A0S2Z4C5",3,14,0.906153074256522
"COMT",0.88,"ENSG00000093010",1312,"A0A140VJG8; P21964",5,16,0.822269302114362
"DRD2",0.875,"ENSG00000149295",1813,"P14416",4,16,0.874135375494071
"FOXP2",0.875,"ENSG00000128573",93986,"Q8N6B6; Q8N6B5; B7ZLK5; O15409; X5D2H2",2,6,0.736764705882353
"ZNF804A",0.875,"ENSG00000170396",91752,"Q7Z570",2,8,0.921791443850267
"GRIN2B",0.866666666666667,"ENSG00000273079",2904,"A0A8D9PHB2; Q13224",3,9,0.937691443562961
"IL1B",0.866666666666667,"ENSG00000125538",3553,"P01584",3,10,0.894618582181777
"HTR2A",0.86,"ENSG00000102468",3356,"P28223",5,13,0.83774286157666
"ABAT",0.85,"ENSG00000183044",18,"X5D8S1; P80404",1,1,0.973684210526316
"ABCB1",0.85,"ENSG00000085563",5243,"P08183; A4D1D2",2,8,0.978260869565217
"AKT1",0.85,"ENSG00000142208",207,"P31749; B0LPE5; B3KVH4",3,14,0.926207165109034
"ALB",0.85,"ENSG00000163631",213,"P02768",1,1,0.90625
"ARTN",0.85,"ENSG00000117407",9048,"Q5T4W7",1,5,0.894736842105263
"CHL1",0.85,"ENSG00000134121",10752,"A0A087X0M8; O00533",1,2,0.928571428571429
"CLDN5",0.85,"ENSG00000184113",7122,"D3DX19; O00501",1,2,0.909090909090909
"CSF3",0.85,"ENSG00000108342",1440,"Q6FH65; P09919; Q8N4W3",1,1,0.806451612903226
"CYP2C19",0.85,"ENSG00000165841",1557,"P33261",1,4,0.782608695652174
"FEZ1",0.85,"ENSG00000149557",9638,"Q99689",1,2,0.875
"FZD3",0.85,"ENSG00000104290",7976,"Q9NPG1",1,2,0.714285714285714
"GHRL",0.85,"ENSG00000157017",51738,"Q9UBU3",1,1,0.962962962962963
"GRM5",0.85,"ENSG00000168959",2915,"P41594; A8K5P7",2,4,0.962962962962963
"GSK3B",0.85,"ENSG00000082701",2932,"Q6FI27; P49841",3,12,0.869852235862173
"HCRT",0.85,"ENSG00000161610",3060,"O43612",1,5,0.888888888888889
"HSPA1A",0.85,"ENSG00000204389",3303,"A8K5I0; B3KTT5; P0DMV9; P0DMV8",1,4,1
"HTR6",0.85,"ENSG00000158748",3362,"P50406",1,1,0.821428571428571
"IL1A",0.85,"ENSG00000115008",3552,"P01583",1,4,1
"KCNK2",0.85,"ENSG00000082482",3776,"Q6ZW95; O95069; U3N6F0; U3N834",1,6,1
"MIR30E",0.85,"ENSG00000198974",407034,"",1,1,1
"MTOR",0.85,"ENSG00000198793",2475,"A0A8V8TQ52; P42345",1,1,1
"NLGN3",0.85,"ENSG00000196338",54413,"X5D7L6; X5D2P6; Q6MZK0; B7Z3P8; Q9NZ94; X5DNV3; A0A8I5KSB7; Q4G160; A0A8I5QJH8",1,2,1
"NR3C2",0.85,"ENSG00000151623",4306,"P08235; B0ZBF6",1,5,0.928571428571429
"OXTR",0.85,"ENSG00000180914",5021,"P30559; B2R9L7",3,12,0.865512265512265
"PNOC",0.85,"ENSG00000168081",5368,"Q13519",1,3,1
"SLC25A12",0.85,"ENSG00000115840",8604,"O75746",1,2,0.823529411764706
"SRR",0.85,"ENSG00000167720",63826,"Q3ZK31; Q9GZT4; Q8N3F4",1,3,0.861111111111111
"UBE3A",0.85,"ENSG00000114062",7337,"Q05086; Q9H2G0",1,4,0.94
"ANK3",0.833333333333333,"ENSG00000151150",288,"Q8NAK2; Q12955",3,13,0.958590534979424
"CHRNA7",0.833333333333333,"ENSG00000175344",1139,"P36544",3,8,0.928030303030303
"HTR2C",0.833333333333333,"ENSG00000147246",3358,"P28335; K9J958",3,13,0.811507936507937
"NR3C1",0.833333333333333,"ENSG00000113580",2908,"E5KQF5; F1D8N4; E5KQF6; P04150",3,13,0.879666687842788
"DISC1",0.83,"ENSG00000162946",27185,"C4P0C8; C4P0A4; C4P096; C4P094; C4P0D1; C4P0C4; C4P098; Q9NRI5; C4P0D2; C4P0A5; C4P0D3; C4P0D0",5,16,0.94162510170151
"BRD1",0.825,"ENSG00000100425",23774,"Q59G93; O95696",2,8,0.928571428571429
"CRP",0.825,"ENSG00000132693",1401,"P02741",2,3,0.842105263157895
"CXCL8",0.825,"ENSG00000169429",3576,"P10145",2,6,0.943681318681319
"CYP2D6",0.825,"ENSG00000100197",1565,"C1ID52; P10635; Q5Y7H2",2,6,0.821875
"MTHFR",0.825,"ENSG00000177000",4524,"P42898; Q59GJ6; Q8IU67",4,17,0.740681734824867
"NEFL",0.825,"ENSG00000277586",4747,"P07196",2,4,0.75
"NCAM1",0.816666666666667,"ENSG00000149294",4684,"A0A087WWD4; P13591",3,11,0.966666666666667
"OPRM1",0.816666666666667,"ENSG00000112038",4988,"G8XRH4; L0E130; B8K2Q5; G8XRH5; P35372",3,7,0.885198135198135
"GRIN2A",0.8125,"ENSG00000183454",2903,"Q547U9; A0A890YTL4; Q12879; Q59EW6",4,13,0.975705329153605
"HTR1A",0.8125,"ENSG00000178394",3350,"A8K5W4; Q5ZGX3; P08908",4,10,0.90879917184265
"NTRK2",0.8125,"ENSG00000148053",4915,"A0A8I5KR47; Q5VWE5; Q548C2; Q16620",4,10,0.954545454545455
"SLC6A3",0.8125,"ENSG00000142319",6531,"Q01959",4,12,0.9024642863033
"CACNA1C",0.81,"ENSG00000151067",775,"Q59GU3; F5H522; Q5V9X9; E9PDI6; A0A804HIJ8; A0A804HI37; A0A804HKC4; A0A804HJB6; A0A0A0MR67; Q13936; A0A0A0MSA1",5,18,0.937805383022774
"ADSL",0.8,"ENSG00000239900",158,"X5D8S6; P30566; X5D7W4",1,1,1
"AS3MT",0.8,"ENSG00000214435",57412,"Q9HBK9",1,1,0.9
"C4B",0.8,"ENSG00000224389",721,"P0C0L4; P0C0L5",1,2,0.8
"CHRNA3",0.8,"ENSG00000080644",1136,"P32297",1,1,0.957446808510638
"CLOCK",0.8,"ENSG00000134852",9575,"O15516; Q3ZCT4; Q53EU0",3,11,0.922502805836139
"CNTNAP2",0.8,"ENSG00000174469",26047,"Q9UHC6; B2RCH4; A0A090N7T7",3,6,0.916493416493417
"COX2",0.8,"",4513,"P00403; U5Z487",1,5,1
"CYFIP1",0.8,"ENSG00000273749",23191,"Q7L576",2,2,0.972222222222222
"CYP1A2",0.8,"ENSG00000140505",1544,"P05177",1,1,0.857142857142857
"DGKH",0.8,"ENSG00000102780",160851,"A8K0I1; Q86XP1; B4DYW1",1,5,0.954545454545455
"ERBB4",0.8,"ENSG00000178568",2066,"Q15303",2,9,0.929235537190083
"FKBP5",0.8,"ENSG00000096060",2289,"Q13451; Q2TA84",2,7,0.794405594405594
"FMR1",0.8,"ENSG00000102081",2332,"Q06787",3,8,0.834768781477769
"GRIN3A",0.8,"ENSG00000198785",116443,"Q8TCU5",2,4,0.981958762886598
"GRM2",0.8,"ENSG00000164082",2912,"Q14416",1,1,0.910714285714286
"HOXA1",0.8,"ENSG00000105991",3198,"P49639",1,1,0.636363636363636
"HP",0.8,"ENSG00000257017",3240,"P00738; A0A0C4DGL8; Q6PEJ8",2,3,0.923076923076923
"IL10",0.8,"ENSG00000136634",3586,"Q6FGW4; P22301",2,5,0.921052631578947
"IQSEC2",0.8,"ENSG00000124313",23096,"Q5JU85",1,1,1
"LRP8",0.8,"ENSG00000157193",7804,"Q14114",1,1,1
"MBP",0.8,"ENSG00000197971",4155,"P02686",1,3,0.931034482758621
"MIR137",0.8,"ENSG00000284202",406928,"",2,3,0.981927710843373
"NBEA",0.8,"ENSG00000172915",26960,"Q8NFP9; B3KXQ8",1,5,1
"NDEL1",0.8,"ENSG00000166579",81565,"A6NIZ0; Q9GZM8",1,3,0.944444444444444
"NRG1",0.8,"ENSG00000157168",3084,"Q7RTW5; A5YAK6; A0A494C1F5; A0A494C0K4; A6MW55; E5RHP6; Q7RTW3; A0A024QY88; B7Z1D7; A0A494C0Q4; A5YAK8; B0FYA8; A0A494C1B5; A0A494C114; Q6PK61; A0A494C0L9; A0A494C1F8; B0FYA9; B0FWZ3; B0FYA7; B7Z1E3; A6MW54; A6MW56; Q02297; E3SFM9",3,14,0.93900462962963
"OPRK1",0.8,"ENSG00000082556",4986,"A0A5F9ZI09; P41145",1,5,0.967741935483871
"QKI",0.8,"ENSG00000112531",9444,"Q8WY44; Q96PU8",1,4,0.888888888888889
"SLC12A5",0.8,"ENSG00000124140",57468,"Q9H2X9",1,2,0.916666666666667
"TAAR1",0.8,"ENSG00000146399",134864,"Q96RJ0",1,1,0.944444444444444
"TBX1",0.8,"ENSG00000184058",6899,"Q152R5; D9ZGG0; O43435",1,5,0.9
"TSC1",0.8,"ENSG00000165699",7248,"A0A2R8Y5S3; X5D9D2; Q92574; Q86WV8; Q32NF0",1,1,1
"TSC2",0.8,"ENSG00000103197",7249,"H3BMQ0; P49815; Q5HYF7; X5D7Q2; B3KWH7",1,1,0.928571428571429
"VRK2",0.8,"ENSG00000028116",7444,"Q86Y07; A8K9L2",1,2,1
"DTNBP1",0.8,"ENSG00000047579",84062,"Q96EV8; D6RJC6; A0A087WYP9; A0A0S2Z5U8; A6NFV8",3,10,0.906859205776173
"GFAP",0.8,"ENSG00000131095",2670,"P14136",3,6,0.846393762183236
"IFNG",0.7875,"ENSG00000111537",3458,"A0A7R8GUN6; P01579",4,6,0.911805555555556
"DAOA",0.783333333333333,"ENSG00000182346",267012,"A2T115; P59103",3,6,0.792478632478632
"IGF1",0.783333333333333,"ENSG00000017427",3479,"Q5U743; Q59GC5; P05019; Q13429",3,8,0.861952861952862
"LEP",0.783333333333333,"ENSG00000174697",3952,"P41159; A4D0Y8",3,8,0.919801570897065
"POMC",0.783333333333333,"ENSG00000115138",5443,"P01189",3,10,0.862037037037037
"MAOA",0.78,"ENSG00000189221",4128,"Q53YE7; P21397; Q49A63",5,14,0.848355271451772
"DRD3",0.775,"ENSG00000151577",1814,"X5D2G4; P35462; E9PCM4; A1A4V4; A8K8E4",4,12,0.858315065156497
"DRD4",0.775,"ENSG00000069696",1815,"P21917",4,17,0.786801998355783
"NOS1",0.775,"ENSG00000089250",4842,"B3VK56; B4DG68; A0PJJ7; P29475",2,2,0.849624060150376
"SYNGAP1",0.775,"ENSG00000197283",8831,"A0A1U9X8L0; B7ZCA0; Q96PV0",2,2,0.928571428571429
"TH",0.775,"ENSG00000180176",7054,"P78428; P07101",2,7,0.816666666666667
"TPH2",0.775,"ENSG00000139287",121278,"Q8IWU9",4,13,0.808058044046286
"IL18",0.775,"ENSG00000150782",3606,"Q14116",2,4,0.916666666666667
"SHANK2",0.775,"ENSG00000162105",22941,"A6NHU9; A0A590UJ45; Q9UPX8",2,4,0.9
"VEGFA",0.775,"ENSG00000112715",7422,"A2A2V4; P15692; A0A0Y0IMM4",2,7,0.967391304347826
"MAPK3",0.766666666666667,"ENSG00000102882",5595,"P27361; Q9BWJ1; L7RXH5",3,8,0.926900584795322
"APP",0.766666666666667,"ENSG00000142192",351,"P05067; B4DJT9; A0A0A0MRG2; B4DGD0; A0A140VJC8; E9PG40",3,6,0.851851851851852
"AVP",0.766666666666667,"ENSG00000101200",551,"P01185; X5DQP6",3,3,0.968253968253968
"MECP2",0.7625,"ENSG00000169057",4204,"Q59FJ6; A0A140VKC4; P51608; D3YJ43",4,6,0.946022727272727
"GAD1",0.76,"ENSG00000128683",2571,"A0A0S2Z3V5; Q99259; Q8IVA8",5,15,0.915595238095238
"ACHE",0.75,"ENSG00000087085",43,"P22303",1,1,1
"ARC",0.75,"ENSG00000198576",23237,"Q7LC44",1,1,0.875
"ARHGAP18",0.75,"ENSG00000146376",93663,"Q8N392",1,1,1
"ARX",0.75,"ENSG00000004848",170302,"Q96QS3",1,1,1
"BCL11A",0.75,"ENSG00000119866",53335,"Q9H165; D9YZV9; D9YZW0",1,1,1
"CCK",0.75,"ENSG00000187094",885,"Q6FG82; P06307",1,2,0.833333333333333
"CCL2",0.75,"ENSG00000108691",6347,"P13500",2,1,0.923076923076923
"CDKL5",0.75,"ENSG00000008086",6792,"O76039",1,3,0.96
"CETN1",0.75,"ENSG00000177143",1068,"A0A140VJG3; Q12798",1,2,1
"CHD8",0.75,"ENSG00000100888",57680,"Q9HCK8",2,4,0.988636363636364
"CHRM1",0.75,"ENSG00000168539",1128,"Q53XZ3; P11229",1,2,0.75
"CHRM4",0.75,"ENSG00000180720",1132,"P08173",1,2,0.866666666666667
"CNP",0.75,"ENSG00000173786",1267,"P09543",1,2,0.875
"CNR1",0.75,"ENSG00000118432",1268,"P21554; S5TLS4; V5KA96",5,10,0.900554511278196
"CRH",0.75,"ENSG00000147571",1392,"A0A0S2Z478; P06850",4,21,0.835
"CRHR1",0.75,"ENSG00000120088",1394,"P34998; G3CIS4; K9J956; B3TIK8; B3SXS2",3,9,0.83625730994152
"CTNNB1",0.75,"ENSG00000168036",1499,"B4DGU4; P35222",1,2,0.928571428571429
"DGCR2",0.75,"ENSG00000070413",9993,"Q8IWC8; P98153; Q5CZ70; B7Z3T5",1,1,0.9
"DGCR8",0.75,"ENSG00000128191",54487,"Q8WYQ5",1,3,1
"DLG1",0.75,"ENSG00000075711",1739,"A0A0C4DFT3; B4DF78; A0A590UJ08; Q12959",1,3,1
"DLG2",0.75,"ENSG00000150672",1740,"Q15700; A0A994J7Q5; E9PIJ9; B7Z2T4; A0A994J587",2,7,0.872222222222222
"DPP4",0.75,"ENSG00000197635",1803,"P27487",1,2,1
"DUSP1",0.75,"ENSG00000120129",1843,"P28562; B4DU40",1,3,0.8
"EN2",0.75,"ENSG00000164778",2020,"P19622",2,5,0.815
"ENO2",0.75,"ENSG00000111674",2026,"Q6FHV6; P09104",1,1,1
"ESR2",0.75,"ENSG00000140009",2100,"A0A348FV93; Q92731; F1D8N3; Q7LCB3; Q0PTK2",1,2,1
"FGF2",0.75,"ENSG00000138685",2247,"P09038",2,2,1
"FOS",0.75,"ENSG00000170345",2353,"Q6FG41; P01100",1,1,1
"FOXP1",0.75,"ENSG00000114861",27086,"Q8N2P0; Q8TEA2; A0A3B3IT66; Q548T7; Q9H334",2,2,0.982758620689655
"FTO",0.75,"ENSG00000140718",79068,"Q9C0B1; Q99770; A0A1B0GTC5; B3KU60",1,1,0.833333333333333
"GAD2",0.75,"ENSG00000136750",2572,"Q05329; Q5VZ30",2,3,0.857142857142857
"GDNF",0.75,"ENSG00000168621",2668,"P39905; A0A0S2Z3V2; A0A0S2Z3T2",2,3,0.894444444444444
"GH1",0.75,"ENSG00000259384",2688,"P01241; B1A4G7; B1A4G6",1,2,0.84375
"GRIN1",0.75,"ENSG00000176884",2902,"Q5VSF9; Q05586; Q59GW0",2,2,0.916666666666667
"GRK3",0.75,"ENSG00000100077",157,"P35626; Q8N433",1,6,1
"GRM3",0.75,"ENSG00000198822",2913,"A4D1D0; Q14832",2,5,0.845238095238095
"GRM8",0.75,"ENSG00000179603",2918,"O00222",3,3,0.791666666666667
"HLA-C",0.75,"ENSG00000204525",3107,"P10321; Q6R739; O19617; Q95HC2",1,2,0.870967741935484
"HOMER1",0.75,"ENSG00000152413",9456,"Q5U5K4; Q86YM7",2,7,0.89010989010989
"HSPA1B",0.75,"ENSG00000204388",3304,"A8K5I0; P0DMV9; P0DMV8",1,2,1
"IL12B",0.75,"ENSG00000113302",3593,"P29460",1,1,1
"IL18R1",0.75,"ENSG00000115604",8809,"Q13478",1,1,1
"JUN",0.75,"ENSG00000177606",3725,"P05412",1,2,1
"KCNH2",0.75,"ENSG00000055118",3757,"A0A090N7W1; Q12809; A0A090N8Q0; Q15BH2; A0A090N7X5",1,4,1
"MAG",0.75,"ENSG00000105695",4099,"Q53ES7; P20916",1,2,0.666666666666667
"MAGEL2",0.75,"ENSG00000254585",54551,"Q9UJ55",1,3,1
"MAPT",0.75,"ENSG00000186868",4137,"B3KTM0; P10636",1,1,0.884615384615385
"MEF2C",0.75,"ENSG00000081189",4208,"Q06413; D8L7E9",1,1,1
"MET",0.75,"ENSG00000105976",4233,"E6Y365; B4DLF5; P08581",2,3,0.967741935483871
"NDE1",0.75,"ENSG00000072864",54820,"Q9NXR1; X5DP35; X5DR54",1,4,0.818181818181818
"NF1",0.75,"ENSG00000196712",4763,"P21359",1,1,1
"NGF",0.75,"ENSG00000134259",4803,"A0A346FYQ1; P01138",2,1,0.8875
"NGFR",0.75,"ENSG00000064300",4804,"P08138",2,2,1
"NLGN4X",0.75,"ENSG00000146938",57502,"A8K4S1; Q8N0W4; B3KP11",1,0,0.885714285714286
"NOS1AP",0.75,"ENSG00000198929",9722,"O75052",1,2,0.888888888888889
"NOTCH4",0.75,"ENSG00000204301",4855,"Q99466; A0A1U9X983",2,6,0.755
"NPAS3",0.75,"ENSG00000151322",64067,"Q8IXF0; X5D988; X5D2Q4",2,9,0.871212121212121
"NR1D1",0.75,"ENSG00000126368",9572,"F1D8S3; P20393",1,5,0.909090909090909
"NTRK1",0.75,"ENSG00000198400",4914,"P04629; X5DR71",2,2,0.958333333333333
"NTS",0.75,"ENSG00000133636",4922,"Q6FH20; P30990",2,5,0.678571428571429
"OLIG2",0.75,"ENSG00000205927",10215,"Q13516",1,3,0.857142857142857
"OPCML",0.75,"ENSG00000183715",4978,"B2CZX3; B7ZLQ0; A8K0Y0; Q14982",1,1,0.857142857142857
"P2RX7",0.75,"ENSG00000089041",5027,"Q99572",2,9,0.925112612612613
"PAK1",0.75,"ENSG00000149269",5058,"Q13153",1,0,1
"PCM1",0.75,"ENSG00000078674",5108,"A2RUU9; B9EIS5; Q15154",1,1,0.8
"PDLIM5",0.75,"ENSG00000163110",10611,"B7Z8X5; Q96HC4; B7Z481",2,7,0.846153846153846
"PIK3CA",0.75,"ENSG00000121879",5290,"P42336; Q4LE51",1,1,0.928571428571429
"PIK3CG",0.75,"ENSG00000105851",5294,"P48736; A8K9G9",1,1,0.9
"PLXNA2",0.75,"ENSG00000076356",5362,"O75051",1,1,0.909090909090909
"PRL",0.75,"ENSG00000172179",5617,"Q5I0G2; P01236; Q5THQ0",2,2,0.905555555555556
"PTCHD1",0.75,"ENSG00000165186",139411,"Q96NR3; X5DNX9",1,1,1
"PTPN5",0.75,"ENSG00000110786",84867,"P54829; B7Z2F8; Q86TL3",1,2,1
"PVALB",0.75,"ENSG00000100362",5816,"P20472",2,2,0.955056179775281
"RBFOX1",0.75,"ENSG00000078328",54715,"B7Z1U7; Q9NWB1; Q59HD3",2,7,0.901785714285714
"REN",0.75,"ENSG00000143839",5972,"P00797",2,6,1
"RGS4",0.75,"ENSG00000117152",5999,"P49798",1,4,0.727272727272727
"RPL10",0.75,"ENSG00000147403",6134,"X5D2T3; P27635",1,1,1
"RTN4",0.75,"ENSG00000115310",57142,"Q9NQC3",1,1,0.8
"SCN1A",0.75,"ENSG00000144285",6323,"P35498",1,2,0.947368421052632
"SCT",0.75,"ENSG00000070031",6343,"P09683",1,4,0.8125
"SDF4",0.75,"ENSG00000078808",51150,"Q9BRK5",1,1,1
"SLC6A8",0.75,"ENSG00000130821",6535,"X5D9C4; Q59EV7; P48029",1,1,0.928571428571429
"SLC6A9",0.75,"ENSG00000196517",6536,"B7Z589; P48067; B7Z3W8",1,2,0.888888888888889
"SLC9A9",0.75,"ENSG00000181804",285195,"Q8IVB4",1,1,1
"SNAP25",0.75,"ENSG00000132639",6616,"P60880",2,6,0.833333333333333
"SREBF1",0.75,"ENSG00000072310",6720,"P36956; B3KR77",1,1,0.9
"SULT4A1",0.75,"ENSG00000130540",25830,"Q9BR01; B7Z2E1",1,3,0.9
"SV2A",0.75,"ENSG00000159164",9900,"Q7L0J3; B4E000",1,1,1
"SYP",0.75,"ENSG00000102003",6855,"P08247",1,1,0.766666666666667
"TCF4",0.75,"ENSG00000196628",6925,"A0A1B0GWD5; P15884; H3BPJ7; E9PH57; B3KVA4; A0A1B0GW91; H3BTP3",2,7,0.858573717948718
"TPH1",0.75,"ENSG00000129167",7166,"P17752",3,10,0.845238095238095
"TRH",0.75,"ENSG00000170893",7200,"P20396",1,5,0.714285714285714
"TRPM2",0.75,"ENSG00000142185",7226,"B4DVI8; Q14DR2; O94759",1,1,0.833333333333333
"TTR",0.75,"ENSG00000118271",7276,"E9KL36; P02766",1,5,0.833333333333333
"UFD1",0.75,"ENSG00000070010",7353,"Q92890; Q541A5",1,2,1
"WNT2",0.75,"ENSG00000105989",7472,"A0A384MDX3; P09544",1,2,0.7
"ZDHHC8",0.75,"ENSG00000099904",29801,"Q9ULC8",1,1,0.785714285714286
"NRXN1",0.7375,"ENSG00000179915",9378,"A0A0D9SEM5; A0A1D5RMU6; H7BYC7; E7EQN4; E7ERL8; Q9ULB1; H0Y568; P58400; A0A0D9SEQ7",4,13,0.983333333333333
"PTGS2",0.733333333333333,"ENSG00000073756",5743,"P35354",3,8,0.945887445887446
"SLC6A2",0.733333333333333,"ENSG00000103546",6530,"P23975",3,7,0.714285714285714
"APOE",0.733333333333333,"ENSG00000130203",348,"P02649; A0A0S2Z3D5",3,3,0.709267040149393
"CREB1",0.733333333333333,"ENSG00000118260",1385,"B7Z5C6; Q5U0J5; Q53X93; P16220",3,9,0.917777777777778
"ESR1",0.733333333333333,"ENSG00000091831",2099,"A0A125SXW3; H0Y4W6; P03372; Q9UBT1; A8KAF4; G4XH65",3,14,0.867383512544803
"GRM7",0.733333333333333,"ENSG00000196277",2917,"Q59G95; B2R693; B9EGG9; Q14831",3,11,0.917283950617284
"HTR7",0.733333333333333,"ENSG00000148680",3363,"P34969",3,8,0.873015873015873
"SLC18A1",0.733333333333333,"ENSG00000036565",6570,"Q96GL6; P54219",3,6,0.966666666666667
"ADNP",0.725,"ENSG00000101126",23394,"Q6DHZ8; Q9H2P0",2,3,0.944444444444444
"EHMT1",0.725,"ENSG00000181090",79813,"Q9H9B1; A0A1B0GV09",2,1,0.9
"GLUL",0.725,"ENSG00000135821",2752,"A8YXX4; P15104",2,3,0.9
"GRM1",0.725,"ENSG00000152822",2911,"Q59HC2; Q13255",2,7,1
"NRG3",0.725,"ENSG00000185737",10718,"P56975; B3KVG8; B9EGV5",2,2,0.9
"NRGN",0.725,"ENSG00000154146",4900,"Q92686",2,2,0.825
"PRKN",0.725,"ENSG00000185345",5071,"O60260; X5DR79",2,6,0.9375
"ADRA2A",0.725,"ENSG00000150594",150,"P08913",2,5,0.860576923076923
"AGT",0.725,"ENSG00000135744",183,"B2R5S1; B0ZBE2; P01019",2,7,0.961538461538462
"AVPR1A",0.725,"ENSG00000166148",552,"P37288; X5D2B0",2,2,0.787878787878788
"CNTF",0.725,"ENSG00000242689",1270,"P26441",2,5,0.718181818181818
"IL2",0.725,"ENSG00000109471",3558,"Q0GK43; P60568",2,5,0.816666666666667
"IL4",0.725,"ENSG00000113520",3565,"Q5FC01; P05112; D4HNR6",2,3,0.75
"KCNN3",0.725,"ENSG00000143603",3782,"Q9UGI6; A0A087WYJ0",2,6,0.707142857142857
"MMP9",0.725,"ENSG00000100985",4318,"P14780",2,3,0.93421052631579
"NCAN",0.725,"ENSG00000130287",1463,"Q4LE67; O14594",2,9,0.91812865497076
"NTF3",0.725,"ENSG00000185652",4908,"P20783",2,2,0.640625
"PLA2G1B",0.725,"ENSG00000170890",5319,"P04054",2,6,0.802083333333333
"PTEN",0.725,"ENSG00000171862",5728,"P60484; F6KD01",2,5,0.85387323943662
"TACR1",0.725,"ENSG00000115353",6869,"P25103",2,7,1
"TLR4",0.725,"ENSG00000136869",7099,"O00206",2,2,1
"ADCYAP1",0.716666666666667,"ENSG00000141433",116,"P18509; B7Z222",3,10,0.911111111111111
"ADORA2A",0.716666666666667,"ENSG00000128271",135,"A8K1F6; P29274; B3KVQ4; X5DNB4",3,8,0.897058823529412
"CHRM2",0.716666666666667,"ENSG00000181072",1129,"Q6SL56; A4D1Q0; Q86SJ1; P08172; Q6SL59",3,6,0.902777777777778
"DAOA-AS1",0.716666666666667,"ENSG00000232307",282706,"",3,10,0.793771043771044
"GAP43",0.716666666666667,"ENSG00000172020",2596,"Q5U058; P17677",3,6,0.869281045751634
"PDYN",0.716666666666667,"ENSG00000101327",5173,"P01213",3,7,0.709356725146199
"SLC18A2",0.716666666666667,"ENSG00000165646",6571,"Q05940",3,11,0.948717948717949
"MAOB",0.7125,"ENSG00000069535",4129,"B7Z242; P27338",4,7,0.829802955665025
"DNMT1",0.7,"ENSG00000130816",1786,"P26358; Q59FP7; I6L9H2",3,7,0.866300366300366
"GRID1",0.7,"ENSG00000182771",2894,"A8KAN9; Q9ULK0",3,9,0.972222222222222
"ADCY2",0.7,"ENSG00000078295",108,"Q08462; Q71UM8",1,2,1
"AGER",0.7,"ENSG00000204305",177,"B4DNX3; Q15109; A0A1U9X785",1,1,1
"AHI1",0.7,"ENSG00000135541",54806,"A0A7P0T7Z8; Q8NER0; Q8N157",2,2,1
"AMBRA1",0.7,"ENSG00000110497",55626,"Q9C0C7; A0A075B6T1",1,1,1
"ATP1A3",0.7,"ENSG00000105409",478,"P13637; Q53ES0",2,2,0.75
"AUTS2",0.7,"ENSG00000158321",26053,"Q8WXX7",2,3,0.888571428571429
"AVPR1B",0.7,"ENSG00000198049",553,"P47901",1,1,0.8
"B3GAT2",0.7,"ENSG00000112309",135152,"Q9NPZ5",1,1,0.5
"BACE1",0.7,"ENSG00000186318",23621,"P56817; Q5W9H2; B7Z3Z4; B7Z3K2",1,1,0.818181818181818
"BAIAP2",0.7,"ENSG00000175866",10458,"Q9UQB8",1,3,1
"BECN1",0.7,"ENSG00000126581",8678,"Q14457; A0A024R1X5; B4DQ36; W0FFG4; E7EV84",1,1,0.75
"BMAL1",0.7,"ENSG00000133794",406,"A0A669KBF4; O00327; B2RCL8; A0A140VKD3",2,8,1
"C9orf72",0.7,"ENSG00000147894",203228,"Q96LT7",1,1,0.666666666666667
"CACNA1I",0.7,"ENSG00000100346",8911,"Q9P0X4",1,0,1
"CALY",0.7,"ENSG00000130643",50632,"Q9NYX4",1,1,1
"CARTPT",0.7,"ENSG00000164326",9607,"Q16568",2,5,0.909090909090909
"CNNM2",0.7,"ENSG00000148842",54805,"Q9H8M5",1,2,0.9375
"CREBBP",0.7,"ENSG00000005339",1387,"Q92793",1,2,1
"CRHBP",0.7,"ENSG00000145708",1393,"P24387",1,2,1
"CSF2",0.7,"ENSG00000164400",1437,"P04141",1,1,0.885714285714286
"CTNNA2",0.7,"ENSG00000066032",1496,"P26232; Q49AD3; F6KRI5",1,1,1
"CYP3A4",0.7,"ENSG00000160868",1576,"Q6GRK0; P08684",1,1,0.857142857142857
"CYP3A5",0.7,"ENSG00000106258",1577,"B7Z3P6; P20815",1,3,1
"DBH",0.7,"ENSG00000123454",1621,"P09172",2,10,0.961538461538462
"DDC",0.7,"ENSG00000132437",1644,"Q53Y41; A0A0S2Z3N4; A0A087WV24; P20711",1,2,0.8
"DHCR7",0.7,"ENSG00000172893",1717,"A0A024R5F7; Q9UBM7",1,1,1
"DISC2",0.7,"",27184,"",1,0,1
"DNMT3B",0.7,"ENSG00000088305",1789,"Q9UBC3",1,1,0.888888888888889
"DRD1",0.7,"ENSG00000184845",1812,"P21728",4,11,0.86158005075582
"EEF1A2",0.7,"ENSG00000101210",1917,"Q05639",1,1,1
"EIF4E",0.7,"ENSG00000151247",1977,"P06730; D6RBW1; X5D7E3; Q32Q75",1,0,0.8
"FADS2",0.7,"ENSG00000134824",9415,"O95864",2,3,1
"FGF1",0.7,"ENSG00000113578",2246,"P05230; Q16089; A0A7U3JVZ2; A8K147",1,0,1
"FOLH1",0.7,"ENSG00000086205",2346,"Q04609",2,3,1
"FYN",0.7,"ENSG00000010810",2534,"P06241",2,3,0.909090909090909
"GNAS",0.7,"ENSG00000087460",2778,"Q5FWY2; Q14455; B0AZR9; Q5JWF2; A0A0S2Z3H8; O95467; Q5JWD1; P63092; P84996; A0A590UJF0; A0A7I2V5R6; A0A0S2Z3S5",1,1,1
"GNB5",0.7,"ENSG00000069966",10681,"O14775",1,0,1
"GPM6A",0.7,"ENSG00000150625",2823,"P51674",1,1,1
"GRIA2",0.7,"ENSG00000120251",2891,"P42262",2,3,0.80625
"GRIA4",0.7,"ENSG00000152578",2893,"A0A994J6J2; P48058; Q1WWK6; A0A8D9PH77",1,1,0.625
"GRIK3",0.7,"ENSG00000163873",2899,"Q13003",2,4,0.880952380952381
"GRIK4",0.7,"ENSG00000149403",2900,"A6H8K8; Q16099; B2RAP6; A0A8D9UJ88; A0A8D9PH79",2,7,0.884615384615385
"HPS4",0.7,"ENSG00000100099",89781,"Q6P1K3; A8K2E6; Q9NQG7; A0A8V8TN06",1,2,1
"HSPA1L",0.7,"ENSG00000204390",3305,"P34931; A0A1U9X7W7",1,2,0.8
"IMPA2",0.7,"ENSG00000141401",3613,"O14732",3,6,0.495833333333333
"LAMB1",0.7,"ENSG00000091136",3912,"Q8TAS6; P07942",1,1,1
"LRRTM1",0.7,"ENSG00000162951",347730,"Q86UE6",1,2,0.875
"MAP2",0.7,"ENSG00000078018",4133,"A0A024R3Z1; P11137; Q6NYC5",1,1,1
"MAP2K7",0.7,"ENSG00000076984",5609,"O14733; B4DV95",1,1,1
"MAP6",0.7,"ENSG00000171533",4135,"Q96JE9",1,4,1
"MBD2",0.7,"ENSG00000134046",8932,"Q9UBB5",1,1,1
"MBL2",0.7,"ENSG00000165471",4153,"P11226",1,1,1
"MED15",0.7,"ENSG00000099917",51586,"Q96RN5; Q6PKB8; G3V1P5; B7Z2H7",1,1,1
"MIR137HG",0.7,"ENSG00000225206",400765,"",1,1,1
"ND4",0.7,"",4538,"P03905; H9EC08",1,1,1
"NR4A2",0.7,"ENSG00000153234",4929,"F1D8N6; Q53EL4; P43354",2,5,0.909090909090909
"NTRK3",0.7,"ENSG00000140538",4916,"O95193; X5D7M5; X5DNW6; X5D2R1; Q16288; Q96CY4; B7Z7U4",1,3,0.857142857142857
"NTSR1",0.7,"ENSG00000101188",4923,"P30989",1,1,1
"OPA1",0.7,"ENSG00000198836",4976,"E5KLK0; E5KLJ9; O60313",1,2,1
"PAFAH1B1",0.7,"ENSG00000007168",5048,"P43034; A0A6Q8PFU3",1,1,1
"PANX1",0.7,"ENSG00000110218",24145,"Q96RD7",1,0,1
"PDE4D",0.7,"ENSG00000113448",5144,"Q08499; A0A140VJR0",2,3,1
"PDGFRB",0.7,"ENSG00000113721",5159,"P09619; Q59F04",1,2,1
"PER2",0.7,"ENSG00000132326",8864,"O15055",2,8,0.95
"PER3",0.7,"ENSG00000049246",8863,"A0A087WV69; A2I2N5; P56645",2,7,0.916666666666667
"PICK1",0.7,"ENSG00000100151",9463,"Q9NRD5",1,3,0.909090909090909
"PLCB1",0.7,"ENSG00000182621",23236,"Q9NQ66",2,2,0.909090909090909
"PPARGC1A",0.7,"ENSG00000109819",10891,"Q9UBK2",1,1,1
"PRODH",0.7,"ENSG00000100033",5625,"O43272",2,2,0.961538461538462
"SCN2A",0.7,"ENSG00000136531",6326,"Q99250",2,7,0.974358974358974
"SEMA3A",0.7,"ENSG00000075213",10371,"Q14563",1,2,0.8
"SLC12A2",0.7,"ENSG00000064651",6558,"P55011; Q53ZR1; B7ZM24",1,3,1
"SLC1A2",0.7,"ENSG00000110436",6506,"A0A2U3TZS7; A0A2R8YFE3; P43004; A0A2R8Y860; A2A2U1",3,11,0.96551724137931
"SLC25A27",0.7,"ENSG00000153291",9481,"O95847; B4DHR4",1,2,0.5
"SLC25A4",0.7,"ENSG00000151729",291,"A0A0S2Z3H3; P12235",1,2,1
"SLC9A6",0.7,"ENSG00000198689",10479,"Q92581; A0A1B0GV11",1,1,1
"SRGAP3",0.7,"ENSG00000196220",9901,"O43295",1,1,1
"SSTR5",0.7,"ENSG00000162009",6755,"P35346",1,2,1
"TBP",0.7,"ENSG00000112592",6908,"P20226; Q32MN7",1,2,1
"TNFRSF1A",0.7,"ENSG00000067182",7132,"J9PH39; P19438",2,5,0.944444444444444
"TNXB",0.7,"ENSG00000168477",7148,"Q6IPK3; O95680; Q9Y464; O95681; P22105",1,2,0.857142857142857
"TSNARE1",0.7,"ENSG00000171045",203062,"Q96NA8; Q6P186; E5RHT3",1,1,1
"TXNDC5",0.7,"ENSG00000239264",81567,"Q8NBS9; A0A024QZV0",1,1,0.733333333333333
"ZIC2",0.7,"ENSG00000043355",7546,"O95409",1,1,1
"GSTM1",0.6875,"ENSG00000134184",2944,"X5D932; X5DR03; P09488",4,9,0.822916666666667
"HTR3A",0.6875,"ENSG00000166736",3359,"P46098; B4E398",4,9,0.895833333333333
"CRHR2",0.683333333333333,"ENSG00000106113",1395,"Q13324; A0A090N7T4",3,6,0.90952380952381
"CSMD1",0.683333333333333,"ENSG00000183117",64478,"Q96PZ7; Q59FF8",3,11,0.983333333333333
"DAO",0.683333333333333,"ENSG00000110887",1610,"A0A024RBI1; P14920",3,6,0.885227272727273
"FGFR1",0.683333333333333,"ENSG00000077782",2260,"A0A0S2Z3Q6; P11362",3,9,1
"HLA-DRB1",0.683333333333333,"ENSG00000196126",3123,"Q5Y7D1; A0A224MM52; X5DNQ0; D7RIH8; P01911",3,3,1
"NPS",0.683333333333333,"ENSG00000214285",594857,"P0C0P6",3,4,0.981481481481482
"PPP1R1B",0.683333333333333,"ENSG00000131771",84152,"B3KVQ9; Q9UD71",3,10,0.933862433862434
"SOD2",0.683333333333333,"ENSG00000291237",6648,"A0A384NL29; Q96AM7; P04179; Q9UG59; G5E9P6",3,4,0.87037037037037
"ST8SIA2",0.683333333333333,"ENSG00000140557",8128,"Q92186; B2R9U8; Q4VAY9; C6G488",3,7,1
"AR",0.675,"ENSG00000169083",367,"P10275; Q9NUA2; G4VV16; A0A087WUX9; F1D8N5",2,5,0.866666666666667
"ATP2A2",0.675,"ENSG00000174437",488,"A0A0S2Z3L2; P16615",2,3,1
"CALM2",0.675,"ENSG00000143933",805,"P0DP24; P0DP25; Q96HY3; B4DJ51; P0DP23",2,6,1
"CHRFAM7A",0.675,"ENSG00000166664",89832,"A0A0A6YYA8; P36544; Q494W8",2,5,0.913690476190476
"CTNND2",0.675,"ENSG00000169862",1501,"B4DRK2; E7EPC8; B4DJU1; Q9UQB3",2,3,0.583333333333333
"GPX1",0.675,"ENSG00000233276",2876,"A0A2R8Y6B6; Q7L4Q3; P07203",2,2,1
"GRIA1",0.675,"ENSG00000155511",2890,"P42261; Q59GL5",4,8,0.8375
"GRM4",0.675,"ENSG00000124493",2914,"A8K0J8; A1L4F9; Q14833; B7ZLU9",2,3,0.909090909090909
"HPGDS",0.675,"ENSG00000163106",27306,"O60760; A0A384P5J0",2,5,0.803571428571429
"IL6R",0.675,"ENSG00000160712",3570,"A0N0L5; A0A087WTB5; P08887",2,2,0.9375
"ITIH1",0.675,"ENSG00000055957",3697,"P19827; B7Z8B6",2,4,1
"ITIH3",0.675,"ENSG00000162267",3699,"Q06033",2,5,0.96875
"MDK",0.675,"ENSG00000110492",4192,"P21741",2,2,1
"NDUFV2",0.675,"ENSG00000178127",4729,"P19404",2,6,1
"NLGN2",0.675,"ENSG00000169992",57555,"Q8NFZ4",2,2,0.844444444444444
"NTNG2",0.675,"ENSG00000196358",84628,"Q96CW9",2,3,0
"PCNT",0.675,"ENSG00000160299",5116,"O95613",2,4,0.928571428571429
"S100A10",0.675,"ENSG00000197747",6281,"P60903",2,4,0.944444444444444
"SCN8A",0.675,"ENSG00000196876",6334,"Q6B4S4; Q9UQD0",2,3,1
"SLC17A7",0.675,"ENSG00000104888",57030,"Q9P2U7",2,2,0.519230769230769
"SLC6A1",0.675,"ENSG00000157103",6529,"A0A2R8Y4I3; P30531; B7Z3C5",2,3,0.875
"SST",0.675,"ENSG00000157005",6750,"P61278",2,6,0.82051282051282
"STX1A",0.675,"ENSG00000106089",6804,"Q75ME0; Q16623",2,3,0.833333333333333
"WFS1",0.675,"ENSG00000109501",7466,"O76024; A0A0S2Z4V6",2,7,0.85
"GABRB2",0.666666666666667,"ENSG00000145864",2561,"P47870",3,2,0.986666666666667
"ACE",0.666666666666667,"ENSG00000159640",1636,"P12821; B4DKH4",3,7,0.854166666666667
"BCL2",0.666666666666667,"ENSG00000171791",596,"A0A7I2V3S7; P10415",3,6,0.922077922077922
"DLG4",0.666666666666667,"ENSG00000132535",1742,"P78352; B7Z647; B9EGL1; B7Z4H2",3,6,0.818181818181818
"EGR3",0.666666666666667,"ENSG00000179388",1960,"Q06889; B4DH80",3,5,0.966666666666667
"GRIK2",0.666666666666667,"ENSG00000164418",2898,"Q13002; A0A8D9PH75; A8K0H7; Q8IY40",3,6,0.847222222222222
"IL1RN",0.666666666666667,"ENSG00000136689",3557,"P18510",3,3,0.897435897435897
"NLGN1",0.666666666666667,"ENSG00000169760",22871,"Q8N2Q7",3,4,1
"RORA",0.666666666666667,"ENSG00000069667",6095,"P35398; A0A0C4DG53; A0A0C4DFP5",3,9,0.932692307692308
"TAC1",0.666666666666667,"ENSG00000006128",6863,"Q9Y494; P20366",3,7,0.869047619047619
"TNFRSF1B",0.666666666666667,"ENSG00000028137",7133,"P20333",3,5,0.944444444444444
"PDE4B",0.6625,"ENSG00000184588",5142,"X5DR82; Q68CX5; X5DNX5; Q07343; Q59GM8",4,12,0.992424242424242
"GLO1",0.66,"ENSG00000124767",2739,"X5DNM4; Q04760",5,7,0.91031746031746
"A2M",0.65,"ENSG00000175899",2,"P01023",1,2,1
"AANAT",0.65,"ENSG00000129673",15,"F1T0I5; Q16613",1,1,0.5
"ACE2",0.65,"ENSG00000130234",59272,"Q9BYF1",1,1,0.833333333333333
"ACTR2",0.65,"ENSG00000138071",10097,"P61160",1,1,1
"ADAMTSL3",0.65,"ENSG00000156218",57188,"P82987",1,1,1
"ADARB1",0.65,"ENSG00000197381",104,"P78563; A0A994J4V7",2,3,0.75
"ADK",0.65,"ENSG00000156110",132,"P55263; A0A5F9ZH72; A0A140VJE0; A0A5F9ZHJ1",1,1,0.666666666666667
"ADRB1",0.65,"ENSG00000043591",153,"P08588",1,2,1
"AKAP11",0.65,"ENSG00000023516",11215,"Q9UKA4",2,2,1
"ALDH1A1",0.65,"ENSG00000165092",216,"P00352; V9HW83",1,1,0.666666666666667
"ALDH1A2",0.65,"ENSG00000128918",8854,"O94788",1,1,1
"ALK",0.65,"ENSG00000171094",238,"Q9UM73; B6D4Y2",2,2,1
"AMACR",0.65,"ENSG00000242110",23600,"Q9UHK6",1,1,1
"ANKK1",0.65,"ENSG00000170209",255239,"Q8NFD2",3,7,1
"APOA4",0.65,"ENSG00000110244",337,"P06727",1,1,1
"APRT",0.65,"ENSG00000198931",353,"P07741",1,5,1
"AQP4",0.65,"ENSG00000171885",361,"P55087; A0A5F9ZHR4; V9PBN7; F1DSG4",3,4,0.910714285714286
"ARHGAP1",0.65,"ENSG00000175220",392,"Q07960",1,1,1
"ARVCF",0.65,"ENSG00000099889",421,"O00192",1,4,1
"ATF3",0.65,"ENSG00000162772",467,"P18847",1,1,1
"ATP10A",0.65,"ENSG00000206190",57194,"O60312",1,1,0.8
"ATXN1",0.65,"ENSG00000124788",6310,"Q96FF1; P54253",1,0,0.833333333333333
"ATXN3",0.65,"ENSG00000066427",4287,"A0A0A0MS38; P54252; C9JQV6",1,5,1
"BICC1",0.65,"ENSG00000122870",80114,"Q9H694",1,2,1
"BLOC1S1",0.65,"ENSG00000135441",2647,"P78537",1,1,1
"CACNA1B",0.65,"ENSG00000148408",774,"Q00975",2,3,1
"CACNA1D",0.65,"ENSG00000157388",776,"Q01668; A0A1B0GUN6; Q59GD8",1,1,1
"CACNB2",0.65,"ENSG00000165995",783,"Q59H42; Q5VVH1; A0A494C184; Q08289",2,2,1
"CALB1",0.65,"ENSG00000104327",793,"P05937",1,2,0.5
"CAMK2B",0.65,"ENSG00000058404",816,"Q13554; B7Z1Z6; A4D2J9",1,2,1
"CAT",0.65,"ENSG00000121691",847,"A0A384P5Q0; P04040",1,1,1
"CAV1",0.65,"ENSG00000105974",857,"Q03135; Q2TNI1; Q7Z4F3; Q59E85; A9XTE5",1,1,0.714285714285714
"CCDC68",0.65,"ENSG00000166510",80323,"Q9H2F9",1,1,1
"CDC42",0.65,"ENSG00000070831",998,"P60953",1,4,1
"CDH10",0.65,"ENSG00000040731",1008,"Q9Y6N8; X5DNG6; X5D8X5",1,1,1
"CDH13",0.65,"ENSG00000140945",1012,"B7Z3H7; P55290; B7Z9B1",1,1,1
"CDH7",0.65,"ENSG00000081138",1005,"F5H5X9; Q9ULB5; Q8IY78",1,1,1
"CDH9",0.65,"ENSG00000113100",1007,"Q9ULB4",1,1,0.833333333333333
"CDK16",0.65,"ENSG00000102225",5127,"Q9BRL4; A0A140VK97; Q00536",1,2,1
"CDK5",0.65,"ENSG00000164885",1020,"Q00535; A0A0S2Z355; A0A090N7W4",1,1,1
"CDKN2A",0.65,"ENSG00000147889",1029,"P42771; K7PML8; Q8N726",1,3,1
"CHRNA2",0.65,"ENSG00000120903",1135,"Q15822",2,3,1
"CHRNA6",0.65,"ENSG00000147434",8973,"Q15825",2,3,0.833333333333333
"CMKLR1",0.65,"ENSG00000174600",1240,"Q99788",1,1,1
"CMYA5",0.65,"ENSG00000164309",202333,"Q8N3K9",1,3,0.857142857142857
"CSF2RA",0.65,"ENSG00000198223; ENSG00000292357",1438,"P15509",1,2,1
"CSMD3",0.65,"ENSG00000164796",114788,"Q7Z407",1,1,1
"CSPG5",0.65,"ENSG00000114646",10675,"A0A087WUT8; O95196; B7Z2E0",1,2,1
"CTCF",0.65,"ENSG00000102974",10664,"A0A2R8YFL0; P49711",1,1,1
"CTSK",0.65,"ENSG00000143387",1513,"P43235",1,2,0.666666666666667
"CYP19A1",0.65,"ENSG00000137869",1588,"Q8TCA4; P11511; Q8IYG4; A8K6W3; Q05CU4",1,1,1
"DAB1",0.65,"ENSG00000173406",1600,"O75553",1,1,1
"DCC",0.65,"ENSG00000187323",1630,"Q49AK4; P43146",1,1,1
"DDO",0.65,"ENSG00000203797",8528,"Q99489",1,1,0.666666666666667
"DDR1",0.65,"ENSG00000204580",780,"A0A0A0MSX3; Q96T61; A0A024RCQ1; Q08345; Q96T62",1,1,1
"DEAF1",0.65,"ENSG00000177030",10522,"O75398",2,4,0.833333333333333
"DLGAP2",0.65,"ENSG00000198010",9228,"A0A1B0GTN4",2,2,0.916666666666667
"DNAH8",0.65,"ENSG00000124721",1769,"Q8IU65; Q96JB1; A0A075B6F3",1,4,1
"DPYSL2",0.65,"ENSG00000092964",1808,"Q59GB4; A0A1C7CYX9; Q16555",2,4,0.833333333333333
"DUSP4",0.65,"ENSG00000120875",1846,"Q13115",1,2,1
"EIF2S1",0.65,"ENSG00000134001",1965,"P05198; Q53XC0",1,1,1
"EPHX2",0.65,"ENSG00000120915",2053,"P34913",1,1,1
"FBXL21P",0.65,"",26223,"",1,1,1
"FOXP3",0.65,"ENSG00000049768",50943,"Q9BZS1",1,1,1
"FUT8",0.65,"ENSG00000033170",2530,"A8K8P8; Q9BYC5; Q546E0",1,2,1
"GABRA2",0.65,"ENSG00000151834",2555,"P47869; E9PBQ7",2,2,1
"GABRB1",0.65,"ENSG00000163288",2560,"X5DNL6; P18505",3,6,1
"GABRB3",0.65,"ENSG00000166206",2562,"X5DQY4; P28472; B2RCW8",4,11,0.973214285714286
"GABRG2",0.65,"ENSG00000113327",2566,"P18507",1,2,0.857142857142857
"GRB2",0.65,"ENSG00000177885",2885,"P62993; B0LPF3",1,1,1
"GRK6",0.65,"ENSG00000198055",2870,"B3KPS5; P43250",1,1,0.333333333333333
"GRN",0.65,"ENSG00000030582",2896,"P28799",3,7,0.85
"GRPR",0.65,"ENSG00000126010",2925,"P30550; X5D7H2",1,1,1
"GYPE",0.65,"ENSG00000197465",2996,"P15421",1,2,1
"HCAR2",0.65,"ENSG00000182782",338442,"Q8TDS4; A0A4Y1JWQ0",1,1,1
"HDAC1",0.65,"ENSG00000116478",3065,"Q6IT96; Q13547",1,2,0.714285714285714
"HDAC6",0.65,"ENSG00000094631",10013,"B4DZH6; Q9UBN7; Q9BRX7; Q9NSW6",1,1,0.666666666666667
"HDAC9",0.65,"ENSG00000048052",9734,"B7Z3P7; A0A9L9PXL9; Q9UKV0; A0A7P0TAB5; A0A7P0T8F4",2,4,0.928571428571429
"HINT1",0.65,"ENSG00000169567",3094,"P49773; A0A384NPU2",2,3,1
"HLA-B",0.65,"ENSG00000234745",3106,"P01889; E5FQ95",1,2,1
"HLA-DQB1",0.65,"ENSG00000179344",3119,"P01920; Q5Y7A9; Q5Y7D6; Q5Y7D3; Q5SU54",1,1,0.888888888888889
"HMOX1",0.65,"ENSG00000100292",3162,"Q6FH11; P09601",1,1,1
"HOXB8",0.65,"ENSG00000120068",3218,"P17481; Q8N8T3",1,1,1
"HRH1",0.65,"ENSG00000196639",3269,"P35367",1,1,0.75
"HSD11B1",0.65,"ENSG00000117594",3290,"P28845; X5D2L1",1,1,1
"HSPD1",0.65,"ENSG00000144381",3329,"A0A024R3X4; P10809",1,0,1
"HTR4",0.65,"ENSG00000164270",3360,"Q13639; A0A2D3FAF9",3,6,0.863247863247863
"HTT",0.65,"ENSG00000197386",3064,"P42858",1,4,1
"IDO1",0.65,"ENSG00000131203",3620,"P14902; A0A348GSI3",1,4,1
"IL2RA",0.65,"ENSG00000134460",3559,"H0Y5Z0; Q5W005; P01589",1,1,0.833333333333333
"IMPA1",0.65,"ENSG00000133731",3612,"P29218; A0A140VJL8",1,2,0.8
"ITPR1",0.65,"ENSG00000150995",3708,"B4DGH1; B4DER3; Q59H91; Q14643",1,2,1
"JAKMIP1",0.65,"ENSG00000152969",152789,"B3KWB6; Q96N16",1,1,1
"JMJD1C",0.65,"ENSG00000171988",221037,"B7ZLC8; Q15652",1,1,1
"KATNAL2",0.65,"ENSG00000167216",83473,"K7EIJ8; Q8IYT4",1,1,1
"KCNJ6",0.65,"ENSG00000157542",3763,"P48051",1,2,1
"KCNMA1",0.65,"ENSG00000156113",3778,"A0A1W2PR56; A0A087WZL8; A0A1W2PQU4; S4R453; A0A1W2PPY5; Q59FH2; A0A1W2PRN5; Q12791; B7ZMF5; A0A1W2PQK5; A0A1W2PP94; A0A1W2PR62; Q5SVJ7; D5MRH1",1,1,1
"KCNS3",0.65,"ENSG00000170745",3790,"Q9BQ31",1,1,1
"KDM5C",0.65,"ENSG00000126012",8242,"P41229; A0A6M4C8G8",1,1,1
"KIF17",0.65,"ENSG00000117245",57576,"A0A0A0MRS8; Q9P2E2",1,2,1
"KMT2C",0.65,"ENSG00000055609",58508,"Q8NEZ4",1,1,1
"KPNA1",0.65,"ENSG00000114030",3836,"P52294",1,1,1
"L1CAM",0.65,"ENSG00000198910",3897,"P32004",1,0,1
"LCN2",0.65,"ENSG00000148346",3934,"P80188",1,1,1
"LINC02694",0.65,"ENSG00000175779",400359,"",1,1,0.875
"LPAR1",0.65,"ENSG00000198121",1902,"Q5VZX0; Q92633",1,1,1
"LRP1",0.65,"ENSG00000123384",4035,"Q07954; Q59FG2",1,1,1
"LRP2",0.65,"ENSG00000081479",4036,"Q7Z5C1; Q7Z5C0; P98164",1,1,1
"LSAMP",0.65,"ENSG00000185565",4045,"Q13449; B7Z661",1,1,1
"LYRM4",0.65,"ENSG00000214113",57128,"C9JY28; Q9HD34; F5H189; C9JRX8",1,1,0.5
"MAD1L1",0.65,"ENSG00000002822",8379,"Q9Y6D9",1,1,1
"MAP1B",0.65,"ENSG00000131711",4131,"P46821; A2BDK6; Q6PJD3; Q86X89",1,0,1
"MAPK8",0.65,"ENSG00000107643",5599,"A1L4K2; P45983",2,3,1
"MARK1",0.65,"ENSG00000116141",4139,"Q9P0L2; X5D2M4; A0A087X0I6; B4DIB3",1,1,1
"MDH1",0.65,"ENSG00000014641",4190,"P40925; A0A5K1VW95; V9HWF2",1,1,1
"MIR185",0.65,"ENSG00000208023",406961,"",1,1,0.666666666666667
"MIR346",0.65,"ENSG00000199104",442911,"",1,3,0.833333333333333
"MIR34A",0.65,"ENSG00000284357",407040,"",1,1,1
"MMP3",0.65,"ENSG00000149968",4314,"P08254",1,1,0.666666666666667
"MOG",0.65,"ENSG00000204655",4340,"Q16653; Q5SSB8",1,1,1
"MSRA",0.65,"ENSG00000175806",4482,"Q9UJ68",1,2,1
"MYO16",0.65,"ENSG00000041515",23026,"F8W883; Q9Y6X6",1,1,1
"MYT1L",0.65,"ENSG00000186487",23040,"A0A3B3IS61; A0A3B3IRM3; A0A3B3IS14; A0A3B3IRX5; A0A2R8YF72; Q9UL68; A0A3B3ISW5",1,3,0.888888888888889
"NCS1",0.65,"ENSG00000107130",23413,"P62166",2,4,1
"NFIX",0.65,"ENSG00000008441",4784,"B4DHW2; Q14938",1,1,1
"NKAPL",0.65,"ENSG00000189134",222698,"Q5M9Q1",1,1,1
"NPAS1",0.65,"ENSG00000130751",4861,"Q99742",1,2,1
"NPAS4",0.65,"ENSG00000174576",266743,"Q8IUM7",1,1,0.75
"NPPC",0.65,"ENSG00000163273",4880,"E5LCN7; P23582",1,0,1
"NPSR1",0.65,"ENSG00000187258",387129,"Q6W5P4; A0A090N8Z1",2,2,0.875
"NR2E1",0.65,"ENSG00000112333",7101,"B6ZGT9; Q9Y466",2,3,0.75
"NRXN2",0.65,"ENSG00000110076",9379,"P58401; Q9P2S2",2,2,1
"NSD1",0.65,"ENSG00000165671",64324,"Q96MN8; Q96L73",1,2,0.666666666666667
"NTNG1",0.65,"ENSG00000162631",22854,"Q5IEC3; Q9Y2I2; X5DNW2; Q5IEC8; B4DKF0",2,2,0.607142857142857
"OFCC1",0.65,"",266553,"",1,1,1
"PAK2",0.65,"ENSG00000180370",5062,"A8K5M4; Q13177",1,1,1
"PAWR",0.65,"ENSG00000177425",5074,"Q96IZ0",1,1,0.5
"PBRM1",0.65,"ENSG00000163939",55193,"Q86U86",2,4,1
"PDE10A",0.65,"ENSG00000112541",10846,"A0A1B1UZR0; Q9Y233",1,1,0.75
"PDE7B",0.65,"ENSG00000171408",27115,"Q9NP56",1,3,1
"PDIK1L",0.65,"ENSG00000175087",149420,"Q8N165",1,2,1
"PDZK1",0.65,"ENSG00000174827",5174,"Q5T2W1",1,1,1
"PENK",0.65,"ENSG00000181195",5179,"P01210",1,3,1
"PEX5L",0.65,"ENSG00000114757",51555,"Q8IYB4",1,1,1
"PGBD1",0.65,"ENSG00000137338",84547,"Q96JS3",1,1,0.833333333333333
"PITX3",0.65,"ENSG00000107859",5309,"O75364",1,1,1
"PLAT",0.65,"ENSG00000104368",5327,"P00750; B4DN26",1,1,1
"PLAUR",0.65,"ENSG00000011422",5329,"Q03405; M0R1I2",1,2,1
"PLP1",0.65,"ENSG00000123560",5354,"B4DI30; A8K9L3; P60201; A0A0S2Z4D4",1,3,1
"POU3F2",0.65,"ENSG00000184486",5454,"P20265",1,2,1
"PPP1R9B",0.65,"ENSG00000108819",84687,"Q96SB3",1,2,0.857142857142857
"PPP3CC",0.65,"ENSG00000120910",5533,"P48454",3,6,0.93939393939394
"PPP3R1",0.65,"ENSG00000221823",5534,"P63098",1,1,1
"PRKCA",0.65,"ENSG00000154229",5578,"L7RSM7; P17252; Q7Z727",1,2,1
"PRKCB",0.65,"ENSG00000166501",5579,"P05771",1,1,0.8
"PSEN1",0.65,"ENSG00000080815",5663,"A0A024R6A3; P49768; A0A0S2Z4D2",1,5,1
"PTGS1",0.65,"ENSG00000095303",5742,"P23219; A0A087X296",1,1,0.5
"PTPN1",0.65,"ENSG00000196396",5770,"B4DSN5; A8K3M3; P18031",1,1,1
"PTPRA",0.65,"ENSG00000132670",5786,"P18433",1,1,0.666666666666667
"PTPRZ1",0.65,"ENSG00000106278",5803,"P23471; B4DFE7",1,2,1
"PYY",0.65,"ENSG00000131096",5697,"P10082",1,2,1
"RAC1",0.65,"ENSG00000136238",5879,"P63000; A4D2P1; A4D2P0",1,2,1
"RAPGEF6",0.65,"ENSG00000158987",51735,"B2RTU6; Q8TEU7",1,2,1
"REST",0.65,"ENSG00000084093",5978,"A0A1W2PQA1; Q13127",1,1,1
"RGS9",0.65,"ENSG00000108370",8787,"O75916; A8K1G1",1,1,0.75
"RSRC1",0.65,"ENSG00000174891",51319,"Q96IZ7",1,0,1
"RTKN2",0.65,"ENSG00000182010",219790,"Q8IZC4",1,1,1
"SCN7A",0.65,"ENSG00000136546",6332,"Q01118",1,1,1
"SDCCAG8",0.65,"ENSG00000054282",10806,"Q86SQ7",1,1,0.947368421052632
"SELENBP1",0.65,"ENSG00000143416",8991,"Q13228; V9HWG1",1,2,0.75
"SEMA5A",0.65,"ENSG00000112902",9037,"Q13591; X5DR95",1,1,1
"SEPTIN7",0.65,"ENSG00000122545",989,"B4DNE4; G3V1Q4; Q16181; A8K3D0",1,2,1
"SERPINA6",0.65,"ENSG00000170099",866,"A0A2Z4LCH4; P08185",1,1,1
"SETD2",0.65,"ENSG00000181555",29072,"Q9BYW2",1,1,1
"SGCE",0.65,"ENSG00000127990",8910,"E9PEH6; A0A0S2Z4P5; A0A2R8Y5J3; B4DP78; O43556; A0A2R8YGQ3; C9JR67",1,1,1
"SH3PXD2A",0.65,"ENSG00000107957",9644,"Q5TCZ1; B3KPL1",1,1,1
"SHANK1",0.65,"ENSG00000161681",50944,"Q9Y566; H9KV90",3,3,1
"SLC1A3",0.65,"ENSG00000079215",6507,"B4DF14; A0A087X0U3; Q7Z5T0; Q8N169; A0A087WT87; P43003",3,6,0.952380952380952
"SLC5A3",0.65,"ENSG00000198743",6526,"P53794",1,1,1
"SLC5A7",0.65,"ENSG00000115665",60482,"B2RCU2; Q9GZV3; B4DUU7; Q2T9H3",1,0,0.666666666666667
"SLC6A5",0.65,"ENSG00000165970",9152,"Q4VAM6; Q4VAM4; Q9Y345",1,2,0.666666666666667
"SLITRK5",0.65,"ENSG00000165300",26050,"O94991",1,1,1
"SMAD5",0.65,"ENSG00000113658",4090,"Q68DB7; Q99717",1,1,1
"SMARCA2",0.65,"ENSG00000080503",6595,"B4DNT1; P51531; F6T8Q0; Q8N9Q1; Q56A76; B4DSC8; B1ALF6; F6VDE0",1,3,0.833333333333333
"SNRPN",0.65,"ENSG00000128739",6638,"X5DP00; P63162",1,0,1
"SORCS2",0.65,"ENSG00000184985",57537,"Q96PQ0",1,1,1
"SREBF2",0.65,"ENSG00000198911",6721,"Q12772",1,1,0.833333333333333
"SRSF3",0.65,"ENSG00000112081",6428,"P84103; B2R6F3",1,1,1
"STXBP1",0.65,"ENSG00000136854",6812,"P61764",2,3,0.916666666666667
"SYT11",0.65,"ENSG00000132718",23208,"Q9BT88",1,1,1
"TACR3",0.65,"ENSG00000169836",6870,"P29371",1,1,0.833333333333333
"TAOK2",0.65,"ENSG00000149930",9344,"Q9UL54",1,1,1
"TENM4",0.65,"ENSG00000149256",26011,"Q6N022",2,2,1
"TET1",0.65,"ENSG00000138336",80312,"Q8NFU7",1,1,1
"TLR3",0.65,"ENSG00000164342",7098,"O15455",1,1,1
"TOP3B",0.65,"ENSG00000100038",8940,"O95985; A8K4N2",1,1,1
"TRIO",0.65,"ENSG00000038382",7204,"O75962",1,1,1
"TRRAP",0.65,"ENSG00000196367",8295,"Q9Y4A5",2,3,1
"TSPAN18",0.65,"ENSG00000157570",90139,"Q96SJ8",1,1,0.8
"UCN",0.65,"ENSG00000163794",7349,"P55089",2,3,1
"UHMK1",0.65,"ENSG00000152332",127933,"Q8TAS1",1,2,0.5
"WDFY3",0.65,"ENSG00000163625",23001,"Q8IZQ1",1,1,1
"WWC1",0.65,"ENSG00000113645",23286,"Q8IX03",1,1,1
"YWHAZ",0.65,"ENSG00000164924",7534,"P63104; D0PNI1",1,4,0.8
"ZKSCAN4",0.65,"ENSG00000187626",387032,"B7Z7H3; A0A0S2Z658; Q969J2",1,1,1
"ZSCAN31",0.65,"ENSG00000235109",64288,"Q96LW9; Q96QL1; B3KTA4",1,1,1
"ADRA1A",0.65,"ENSG00000120907",148,"B0ZBD3; P35348",2,2,0.9
"ERVW-1",0.65,"ENSG00000242950",30816,"D0EYG5; Q9UQF0",2,3,0.76
"HLA-A",0.65,"ENSG00000206503",3105,"Q5SUL5; B2R7U3; B1PKY1; P04439",2,3,0.875
"JARID2",0.65,"ENSG00000008083",3720,"Q92833",2,3,0.75
"NRXN3",0.65,"ENSG00000021645",9369,"Q9Y4C0; Q9HDB5; A0A0A0MR89",2,2,1
"PIP4K2A",0.65,"ENSG00000150867",5305,"P48426",2,5,0.767857142857143
"TGFB1",0.65,"ENSG00000105329",7040,"P01137; A0A499FJK2",2,2,0.9
"XBP1",0.65,"ENSG00000100219",7494,"P17861",2,3,0.802083333333333
"YWHAE",0.65,"ENSG00000108953",7531,"P62258; V9HW98",2,3,0.75
"ATF4",0.633333333333333,"ENSG00000128272",468,"P18848",3,4,1
"CHRNA4",0.633333333333333,"ENSG00000101204",1137,"Q59FV0; B4DK78; P43681; Q4VAQ3",3,8,0.872727272727273
"ERBB3",0.633333333333333,"ENSG00000065361",2065,"P21860",3,3,0.956521739130435
"GNB3",0.633333333333333,"ENSG00000111664",2784,"E9PCP0; F1T0G5; P16520",3,7,0.916666666666667
"HTR3B",0.633333333333333,"ENSG00000149305",9177,"O95264",3,4,0.833333333333333
"MCHR1",0.633333333333333,"ENSG00000128285",2847,"Q99705",3,10,1
"SP4",0.633333333333333,"ENSG00000105866",6671,"Q02446; Q32M51; A0A3B3IRW4",3,3,0.933333333333333
"VIP",0.633333333333333,"ENSG00000146469",7432,"P01282",3,4,0.933333333333333
"ABCA13",0.625,"ENSG00000179869",154664,"A0A0A0MT16; Q86UQ4",2,2,1
"ACTB",0.625,"ENSG00000075624",60,"Q1KLZ0; P60709",2,2,0.833333333333333
"APOD",0.625,"ENSG00000189058",347,"P05090",2,3,0.708333333333333
"CAMK2A",0.625,"ENSG00000070808",815,"Q7LDD5; Q8IWE0; A8K161; Q9UQM7",2,2,0.916666666666667
"CHAT",0.625,"ENSG00000070748",1103,"P28329; Q6LEN5; Q6LEN6",2,3,0.775
"CHRNB3",0.625,"ENSG00000147432",1142,"Q05901",2,4,0.833333333333333
"CSNK1E",0.625,"ENSG00000213923",1454,"Q5U045; P49674",2,7,0.928571428571429
"DBN1",0.625,"ENSG00000113758",1627,"Q16643",2,4,1
"DMD",0.625,"ENSG00000198947",1756,"A0A0S2Z3B5; P11532; Q4G0X0; A7E212; A0A0S2Z3J7; Q16484",2,3,1
"DPYD",0.625,"ENSG00000188641",1806,"Q12882",2,5,1
"FABP7",0.625,"ENSG00000164434",2173,"Q59HE4; A0A077H155; O15540",2,3,1
"GABRA4",0.625,"ENSG00000109158",2557,"X5D7F5; P48169",2,3,1
"GABRA5",0.625,"ENSG00000186297",2558,"P31644",4,7,0.916666666666667
"GAL",0.625,"ENSG00000069482",51083,"P22466",2,6,1
"GCH1",0.625,"ENSG00000131979",2643,"P30793; Q8IZH9",2,1,0.833333333333333
"HCRTR1",0.625,"ENSG00000121764",3061,"A6NMV7; O43613",2,4,0.833333333333333
"HDAC2",0.625,"ENSG00000196591",3066,"Q92769",2,2,0.5
"IGF2",0.625,"ENSG00000167244",3481,"E3UN46; P01344",2,3,1
"ITGB3",0.625,"ENSG00000259207",3690,"P05106",2,4,0.928571428571429
"LASP1",0.625,"ENSG00000002834",3927,"B4DIC4; Q14847",2,2,0.65
"MAPK1",0.625,"ENSG00000100030",5594,"P28482; Q1HBJ4; Q499G7",2,2,0.9
"MED12",0.625,"ENSG00000184634",9968,"Q93074",2,6,0.888888888888889
"NOS2",0.625,"ENSG00000007171",4843,"P35228",2,6,0.866666666666667
"NOS3",0.625,"ENSG00000164867",4846,"P29474; A0S0A6",2,3,0.773809523809524
"PAX6",0.625,"ENSG00000007372",5080,"F1T0F8; D1KF47; Q66SS1; A0A1W2PRA8; P26367",2,2,0.733333333333333
"PCLO",0.625,"ENSG00000186472",27445,"Q9Y6V0",2,5,1
"PDE4A",0.625,"ENSG00000065989",5141,"P27815",4,9,0.96875
"RASGRP1",0.625,"ENSG00000172575",10125,"O95267; B2RA89",2,1,1
"SERPINA1",0.625,"ENSG00000197249",5265,"P01009; E9KL23",2,3,1
"SIRT1",0.625,"ENSG00000096717",23411,"B0QZ35; E9PC49; A8K128; Q96EB6",2,2,0.816666666666667
"SYN1",0.625,"ENSG00000008056",6853,"P17600",2,5,0.875
"SYN3",0.625,"ENSG00000185666",8224,"Q17R54; Q59EX7; O14994",2,3,0.708333333333333
"TIMELESS",0.625,"ENSG00000111602",8914,"Q9UNS1",2,7,1
"TLR2",0.625,"ENSG00000137462",7097,"B3KWR9; A0A0S2Z4S4; O60603",2,2,0.8
"VGF",0.625,"ENSG00000128564",7425,"O15240",2,5,1
"VIPR2",0.625,"ENSG00000106018",7434,"X5D7Q6; P41587; X5DP12",2,2,0.975
"VLDLR",0.625,"ENSG00000147852",7436,"A0A7P0T9P7; A0A7P0T897; Q5VVF5; P98155",2,3,0.8
"DIXDC1",0.62,"ENSG00000150764",85458,"Q155Q3",5,5,1
"ASMT",0.616666666666667,"ENSG00000292336; ENSG00000196433",438,"X5D784; P46597",3,4,1
"CRY1",0.616666666666667,"ENSG00000008405",1407,"Q16526; A2I2P0",3,4,0.694444444444444
"DRD5",0.616666666666667,"ENSG00000169676",1816,"P21918",3,11,0.916344916344916
"GRIA3",0.616666666666667,"ENSG00000125675",2892,"Q5XKG2; Q17R51; P42263",3,9,0.805555555555556
"GSTT1",0.616666666666667,"",2952,"A0A0G2JRN4; Q4W251; Q4GZS9; P30711; A0A0G2JRQ5",3,7,0.756410256410256
"HTR1B",0.616666666666667,"ENSG00000135312",3351,"A8K215; P28222; X5D7I5",3,7,1
"HTR5A",0.616666666666667,"ENSG00000157219",3361,"A4D2N2; P47898",3,7,0.925925925925926
"TCF7L2",0.616666666666667,"ENSG00000148737",6934,"C6ZRK1; Q5VVR7; A0A994J711; Q6FHW4; Q9NQB0; C6ZRJ7; C6ZRK5; A0A0A0MTL7; C6ZRK2",3,7,1
"CNR2",0.6125,"ENSG00000188822",1269,"P34972",4,10,0.939102564102564
"MTR",0.6125,"ENSG00000116984",4548,"Q99707",4,4,1
"BHLHE40",0.6,"ENSG00000134107",8553,"O14503; Q6IB83",2,4,1
"CHRNA5",0.6,"ENSG00000169684",1138,"H0YM98; Q6EWN4; P30532",2,4,1
"CNTN4",0.6,"ENSG00000144619",152330,"Q8IWV2",2,2,1
"DGKB",0.6,"ENSG00000136267",1607,"Q9Y6T7",2,2,1
"IL1RAPL1",0.6,"ENSG00000169306",11141,"X5DNQ7; Q9NZN1",2,2,0.944444444444444
"SETDB1",0.6,"ENSG00000143379",9869,"Q15047",2,1,1
"TBR1",0.6,"ENSG00000136535",10716,"Q16650",2,0,1
"ABCA1",0.6,"ENSG00000165029",19,"O95477; B2RUU2; B7XCW9",1,1,1
"ACP1",0.6,"ENSG00000143727",52,"P24666; Q59EH3; A0A140VK37",1,1,0.833333333333333
"ACSL6",0.6,"ENSG00000164398",23305,"Q9UKU0; B4DFW3; B2RB13",1,2,1
"ACSM1",0.6,"ENSG00000166743",116285,"Q08AH1; B2RAP4",1,2,1
"ADA",0.6,"ENSG00000196839",100,"A0A0S2Z381; P00813; F5GWI4",1,1,1
"ADCY5",0.6,"ENSG00000173175",111,"O95622; A0A384P5Q5; B7Z2C7; B3KWA8",1,2,0.5
"ADM",0.6,"ENSG00000148926",133,"P35318",3,6,0.805555555555556
"ADNP2",0.6,"ENSG00000101544",22850,"Q6IQ32",1,1,1
"ADORA1",0.6,"ENSG00000163485",134,"P30542",1,1,1
"ADRB2",0.6,"ENSG00000169252",154,"X5DQM5; P07550",2,2,0.9
"ADSS2",0.6,"ENSG00000035687",159,"A0A024R5Q7; P30520",1,1,0.5
"AGA",0.6,"ENSG00000038002",175,"P20933",1,1,1
"AHI1-DT",0.6,"ENSG00000231028",100131814,"",1,2,1
"AKR1A1",0.6,"ENSG00000117448",10327,"V9HWI0; P14550",1,1,1
"AKR1C4",0.6,"ENSG00000198610",1109,"P17516",1,2,1
"ALDH2",0.6,"ENSG00000111275",217,"A0A384NPN7; P05091",1,1,1
"ALDH3B1",0.6,"ENSG00000006534",221,"P43353; A0A087X2D4",1,2,1
"ALS2CL",0.6,"ENSG00000178038",259173,"Q60I27",1,1,1
"ANK2",0.6,"ENSG00000145362",287,"Q01484",1,1,0.833333333333333
"APOH",0.6,"ENSG00000091583",350,"A0A384NKM6; P02749",1,1,0.75
"APOL2",0.6,"ENSG00000128335",23780,"Q9BQE5",1,0,1
"ARHGEF11",0.6,"ENSG00000132694",9826,"O15085",1,2,1
"ASAH1",0.6,"ENSG00000104763",427,"A8K0B6; Q13510; Q53H01",1,1,1
"ASTN2",0.6,"ENSG00000148219",23245,"B7ZKP4; X6R5P2; B3KN99; O75129; B7ZKP5",3,7,0.933333333333333
"ATM",0.6,"ENSG00000149311",472,"Q13315",1,1,1
"ATP1A2",0.6,"ENSG00000018625",477,"P50993; A0A0S2Z3W6",1,1,0.666666666666667
"B3GAT1",0.6,"ENSG00000109956",27087,"Q9P2W7",1,1,0.8
"B3GNT2",0.6,"ENSG00000170340",10678,"Q9NY97",1,1,0.5
"BAG1",0.6,"ENSG00000107262",573,"Q99933",3,7,1
"BCHE",0.6,"ENSG00000114200",590,"P06276",1,1,1
"BCR",0.6,"ENSG00000186716",613,"P11274",1,4,1
"BDKRB2",0.6,"ENSG00000168398",624,"P30411",1,1,1
"BHLHE41",0.6,"ENSG00000123095",79365,"Q9C0J9; Q8TAT1",1,1,0.666666666666667
"BLOC1S3",0.6,"ENSG00000189114",388552,"Q6QNY0",1,1,1
"BMAL2",0.6,"ENSG00000029153",56938,"Q8WYA1",1,2,1
"BORCS7",0.6,"ENSG00000166275",119032,"A0A0B4J1R7; Q96B45",1,1,0.333333333333333
"BRCA1",0.6,"ENSG00000012048",672,"A0A9Y1QQK3; P38398",2,6,0.892857142857143
"CACNA1H",0.6,"ENSG00000196557",8912,"A0A1W2PQW2; B3KQH9; O95180",1,1,1
"CACNG2",0.6,"ENSG00000166862",10369,"Q9Y698",1,2,0.6
"CACNG8",0.6,"ENSG00000142408",59283,"Q8WXS5",1,1,1
"CAMKK2",0.6,"ENSG00000110931",10645,"Q96RR4",1,1,1
"CASP3",0.6,"ENSG00000164305",836,"P42574",1,1,0.833333333333333
"CCKAR",0.6,"ENSG00000163394",886,"P32238",2,5,0.95
"CCND1",0.6,"ENSG00000110092",595,"P24385; Q6FI00",1,1,1
"CCND2",0.6,"ENSG00000118971",894,"P30279",1,1,1
"CCR5",0.6,"ENSG00000160791",1234,"Q38L21; P51681",1,1,1
"CD163",0.6,"ENSG00000177575",9332,"Q86VB7",1,1,1
"CDC42SE2",0.6,"ENSG00000158985",56990,"Q9NRR3",1,2,1
"CDH17",0.6,"ENSG00000079112",1015,"Q12864",1,2,0.833333333333333
"CHGA",0.6,"ENSG00000100604",1113,"Q86T07; P10645; G5E968",1,1,0.666666666666667
"CHGB",0.6,"ENSG00000089199",1114,"P05060",1,3,0.8
"CHMP1B",0.6,"ENSG00000255112",57132,"Q7LBR1",1,1,0.5
"CHUK",0.6,"ENSG00000213341",1147,"O15111",1,1,1
"CLU",0.6,"ENSG00000120885",1191,"P10909",1,1,0.666666666666667
"CP",0.6,"ENSG00000047457",1356,"A5PL27; P00450",2,2,0.666666666666667
"CRMP1",0.6,"ENSG00000072832",1400,"B3KT07; B3KV96; X5DNI1; Q96I11; Q14194; E9PD68",1,1,1
"CRY2",0.6,"ENSG00000121671",1408,"A0A0D2X7Z3; Q49AN0; A2I2P1",2,7,0.8375
"CSF2RB",0.6,"ENSG00000100368",1439,"Q6NSJ8; P32927",1,3,1
"CTLA4",0.6,"ENSG00000163599",1493,"P16410",2,5,0.875
"CTRL",0.6,"ENSG00000141086",1506,"P40313",1,1,1
"CTXN3",0.6,"ENSG00000205279",613212,"Q4LDR2",1,1,1
"CUX2",0.6,"ENSG00000111249",23316,"O14529",1,1,0.666666666666667
"CYP2E1",0.6,"ENSG00000130649",1571,"P05181",1,1,0.5
"DBNL",0.6,"ENSG00000136279",28988,"Q9UJU6; B4DUF9",1,1,1
"DDHD2",0.6,"ENSG00000085788",23259,"B3KPM6; O94830",1,1,1
"DDX3X",0.6,"ENSG00000215301",1654,"A0A2R8YFS5; O00571",1,1,1
"DGCR6",0.6,"ENSG00000183628",8214,"X5D7D2; Q14129",1,1,1
"DHFR",0.6,"ENSG00000228716",1719,"B4DM58; P00374; B0YJ76",1,1,1
"DICER1",0.6,"ENSG00000100697",23405,"Q9UPY3",1,2,1
"DIO3",0.6,"ENSG00000197406",1735,"Q86TU3; P55073",1,1,1
"DIPK2A",0.6,"ENSG00000181744",205428,"B3KTD4; Q8NDZ4",1,1,1
"DLG3",0.6,"ENSG00000082458",1741,"Q92796; Q59FY1",2,6,0.775
"DLGAP1",0.6,"ENSG00000170579",9229,"O14490; B7Z2J5; Q6IS01; A8MXQ8; A0A0A0MTP4",1,1,1
"DLX2",0.6,"ENSG00000115844",1746,"X5D7D8; Q53QU7; Q07687",1,1,1
"DNAJB1",0.6,"ENSG00000132002",3337,"P25685; Q6FHS4",1,2,1
"DNM1",0.6,"ENSG00000106976",1759,"Q05193; B4DK06; B7ZAC0",1,1,1
"DOCK4",0.6,"ENSG00000128512",9732,"Q8N1I0",2,3,0.857142857142857
"DPP10",0.6,"ENSG00000175497",57628,"B4DKB5; Q8N608; Q0GLB9; Q0GLB7; B2RCJ8",1,2,1
"DSCAM",0.6,"ENSG00000171587",1826,"O60469",1,1,1
"EFNB2",0.6,"ENSG00000125266",1948,"P52799",1,1,1
"EGF",0.6,"ENSG00000138798",1950,"P01133",1,1,0.833333333333333
"EGR4",0.6,"ENSG00000135625",1961,"Q05215; B7ZKU3",1,2,1
"ELAVL2",0.6,"ENSG00000107105",1993,"A0A0A0MRX1; Q12926",1,1,1
"EMX2",0.6,"ENSG00000170370",2018,"Q04743",1,1,1
"ERDA1",0.6,"",9030,"",1,2,0.5
"ERVW-4",0.6,"",100616496,"",1,2,1
"ESS2",0.6,"ENSG00000100056",8220,"Q96DF8; F8WEF8",1,2,1
"ETNPPL",0.6,"ENSG00000164089",64850,"E7ENR6; Q8TBG4; B7Z224",1,2,1
"F9",0.6,"ENSG00000101981",2158,"P00740",1,3,0.75
"FAS",0.6,"ENSG00000026103",355,"K9J972; P25445; Q59FU8",1,1,1
"FGFR2",0.6,"ENSG00000066468",2263,"A0A141AXF1; D2CGD1; S4R381; P21802",3,5,1
"FXYD6",0.6,"ENSG00000137726",53826,"Q9H0Q3",1,2,0.5
"G6PD",0.6,"ENSG00000160211",2539,"P11413; A0A384NL00",1,5,1
"GABRA6",0.6,"ENSG00000145863",2559,"Q16445",2,2,0.65
"GABRG1",0.6,"ENSG00000163285",2565,"Q8N1C3",1,1,1
"GC",0.6,"ENSG00000145321",2638,"P02774",1,1,1
"GCLC",0.6,"ENSG00000001084",2729,"E1CEI4; Q14TF0; P48506",1,1,1
"GLYAT",0.6,"ENSG00000149124",10249,"A0A384P5E3; Q6IB77",1,1,1
"GNAL",0.6,"ENSG00000141404",2774,"P38405; A8K1Y9",2,2,1
"GNAO1",0.6,"ENSG00000087258",2775,"Q8N6I9; B3KP89; Q6AWC5; P09471",1,1,1
"GPHN",0.6,"ENSG00000171723",10243,"Q9NQX3",1,0,1
"GPR50",0.6,"ENSG00000102195",9248,"Q13585",2,6,1
"GPRC5D",0.6,"ENSG00000111291",55507,"Q9NZD1",1,3,1
"GRIK1",0.6,"ENSG00000171189",2897,"P39086; E9PD61; E7EPY9; B7Z3V7; B7Z256; E7ENK3",2,2,0.75
"GRIK5",0.6,"ENSG00000105737",2901,"Q16478",2,2,0.833333333333333
"GSN",0.6,"ENSG00000148180",2934,"A0A384MEF1; B7Z4U6; A0A0A0MS51; A0A0A0MT01; P06396",1,1,1
"GSTA1",0.6,"ENSG00000243955",2938,"B7Z1F9; A0A140VJK4; P08263",1,2,1
"GSTM2",0.6,"ENSG00000213366",2946,"Q0D2I8; P28161; A0A384P5E9",1,1,0.8
"GSTP1",0.6,"ENSG00000084207",2950,"P09211; V9HWE9",2,2,0.625
"GSTT2",0.6,"ENSG00000099984",2953,"P0CG29",1,1,1
"H2AX",0.6,"ENSG00000188486",3014,"P16104",1,1,1
"HCAR3",0.6,"ENSG00000255398",8843,"P49019",2,3,1
"HCG9",0.6,"ENSG00000204625",10255,"",1,2,1
"HDAC3",0.6,"ENSG00000171720",8841,"O15379",1,4,0.833333333333333
"HIP1R",0.6,"ENSG00000130787",9026,"O75146; B3KQW8; B4DPL0",1,2,1
"HK1",0.6,"ENSG00000156515",3098,"Q59FD4; P78542; B3KXY9; A0A994J753; P19367; A8K7J7",1,1,1
"HLA-E",0.6,"ENSG00000204592",3133,"A0A4E9D3W4; A8K8M6; P13747; O19682",2,5,1
"HLA-G",0.6,"ENSG00000204632",3135,"Q31611; P17693; Q6DU14",1,1,1
"HSP90B1",0.6,"ENSG00000166598",7184,"V9HWP2; P14625",1,3,1
"HSPA4",0.6,"ENSG00000170606",3308,"P34932",1,2,1
"HSPA5",0.6,"ENSG00000044574",3309,"V9HWB4; P11021",1,1,1
"HSPA9",0.6,"ENSG00000113013",3313,"P38646; A0A384P5G6",1,1,1
"HTR3D",0.6,"ENSG00000186090",200909,"F6WC43; Q70Z44",1,1,1
"HTR3E",0.6,"ENSG00000186038",285242,"A5X5Y0",1,1,1
"ICAM1",0.6,"ENSG00000090339",3383,"P05362; A0A384MEK5",1,1,0.888888888888889
"IDE",0.6,"ENSG00000119912",3416,"B3KSB8; A0A7I2V2P6; P14735; A0A3B3ISG5",1,1,1
"IFNA1",0.6,"ENSG00000197919",3439,"L0N195; P01562",1,1,1
"IGFBP2",0.6,"ENSG00000115457",3485,"P18065; C9JMY1",1,2,0.75
"IL10RA",0.6,"ENSG00000110324",3587,"Q13651",1,1,1
"IL13",0.6,"ENSG00000169194",3596,"P35225",1,1,1
"IL3",0.6,"ENSG00000164399",3562,"P08700",1,5,0.875
"IL3RA",0.6,"ENSG00000292332; ENSG00000185291",3563,"P26951",1,3,1
"IMMP2L",0.6,"ENSG00000184903",83943,"Q96T52; A4D0S9",1,1,0.857142857142857
"IPO5",0.6,"ENSG00000065150",3843,"O00410; Q9BVS9; B3KWG6",1,4,1
"ITGA4",0.6,"ENSG00000115232",3676,"P13612",1,1,1
"ITIH4",0.6,"ENSG00000055955",3700,"B2RMS9; Q14624; B7ZKJ8",1,3,1
"KCNB1",0.6,"ENSG00000158445",3745,"Q14721",1,1,1
"KCNQ2",0.6,"ENSG00000075043",3785,"O43526; Q53Y30",2,3,0.75
"KDR",0.6,"ENSG00000128052",3791,"P35968",1,1,1
"KLK8",0.6,"ENSG00000129455",11202,"O60259; A0A0A0MQY9",1,1,1
"KPNA3",0.6,"ENSG00000102753",3839,"O00505",1,3,1
"LGI1",0.6,"ENSG00000108231",9211,"A0A0S2Z4S7; A0A0S2Z4X3; O95970; A0A0S2Z5G1; A0A1B0GUD3",1,1,1
"LHX6",0.6,"ENSG00000106852",26468,"Q9UPM6",1,2,0.6
"LIFR",0.6,"ENSG00000113594",3977,"P42702; A8K1Z4",1,1,1
"LMAN2L",0.6,"ENSG00000114988",81562,"B4DVH1; Q9H0V9; B4DI83; B4E308",2,3,0.928571428571429
"LMX1B",0.6,"ENSG00000136944",4010,"B7ZLH2; Q6ISE0; O60663",1,1,1
"LPL",0.6,"ENSG00000175445",4023,"A0A1B1RVA9; P06858",1,1,1
"LTA",0.6,"ENSG00000226979",4049,"P01374; Q5STV3",1,1,1
"MACROD2",0.6,"ENSG00000172264",140733,"A1Z1Q3",2,6,1
"MAGI1",0.6,"ENSG00000151276",9223,"Q96QZ7",2,3,1
"MAPK14",0.6,"ENSG00000112062",1432,"Q16539; B4E0K5; L7RSM2",1,1,1
"MBD3",0.6,"ENSG00000071655",53615,"O95983",1,1,1
"MBD4",0.6,"ENSG00000129071",8930,"O95243",1,1,1
"MC1R",0.6,"ENSG00000258839",4157,"Q1JUL4; Q01726",1,1,1
"MC2R",0.6,"ENSG00000185231",4158,"Q01718",1,2,1
"MICB",0.6,"ENSG00000204516",4277,"B7Z8M1; Q29980; F5H7Q8; A0A7D9H7X8; A0A0G2JHB5; B4DUT9",1,1,1
"MIF",0.6,"ENSG00000240972",4282,"P14174; I4AY87",3,3,1
"MIR17",0.6,"ENSG00000284536",406952,"",1,1,0.5
"MIR212",0.6,"ENSG00000267195",406994,"",1,1,1
"MIR326",0.6,"ENSG00000199090",442900,"",1,1,1
"MIR432",0.6,"ENSG00000272458",574451,"",1,1,1
"MTNR1A",0.6,"ENSG00000168412",4543,"P48039",1,1,1
"MYO9B",0.6,"ENSG00000099331",4650,"B0I1T6; Q8WVD2; Q13459; Q4LE74",1,1,1
"NAPG",0.6,"ENSG00000134265",8774,"Q99747; Q6FHY4",1,3,1
"NCSTN",0.6,"ENSG00000162736",23385,"A0A8V8TPQ8; Q92542; A0A8V8TPR8; B4DR82",1,0,1
"NDST3",0.6,"ENSG00000164100",9348,"O95803",2,3,0.5
"NDUFS1",0.6,"ENSG00000023228",4719,"P28331; E5KRK5",1,1,1
"NDUFV1",0.6,"ENSG00000167792",4723,"P49821; E5KNH5",2,2,1
"NEK4",0.6,"ENSG00000114904",6787,"Q05DF6; P51957",1,2,1
"NEUROG1",0.6,"ENSG00000181965",4762,"Q92886; F1T0H3",1,2,1
"NNMT",0.6,"ENSG00000166741",4837,"B0YJ53; P40261",2,3,1
"NPTN",0.6,"ENSG00000156642",27020,"Q9Y639",1,1,1
"NQO2",0.6,"ENSG00000124588",4835,"Q5TD07; B3KPX6; P16083",1,1,1
"NRCAM",0.6,"ENSG00000091129",4897,"C9JYY6; B7Z670; Q14CA1; Q92823",1,2,0.75
"NRN1",0.6,"ENSG00000124785",51299,"A0A087WWT2; Q9NPD7",1,1,1
"NRP2",0.6,"ENSG00000118257",8828,"Q7Z3T9; O60462",1,1,1
"NTF4",0.6,"ENSG00000225950",4909,"P34130",1,2,1
"PAH",0.6,"ENSG00000171759",5053,"P00439",1,2,0.75
"PEMT",0.6,"ENSG00000133027",10400,"Q9UBM1",1,1,0.5
"PFKL",0.6,"ENSG00000141959",5211,"P17858; Q7L2M7",1,5,1
"PGP",0.6,"ENSG00000184207",283871,"A6NDG6",1,2,1
"PHB1",0.6,"ENSG00000167085",5245,"Q53FV0; P35232; A8K401",1,1,1
"PHETA1",0.6,"ENSG00000198324",144717,"Q8N4B1",1,1,1
"PHOX2B",0.6,"ENSG00000109132",8929,"Q99453",1,2,0.75
"PI4KA",0.6,"ENSG00000241973",5297,"B4DYG5; Q4LE69; P42356",1,3,1
"PIK3C3",0.6,"ENSG00000078142",5289,"Q8NEB9; A8MYT4; B4DPV9",2,4,0.9
"PINK1",0.6,"ENSG00000158828",65018,"Q9BXM7",1,2,1
"PITX1",0.6,"ENSG00000069011",5307,"X5D9A5; P78337",1,1,1
"PLA2G2A",0.6,"ENSG00000188257",5320,"P14555",1,1,0.5
"PLA2G4A",0.6,"ENSG00000116711",5321,"P47712; B4DZI4",3,6,0.777777777777778
"PLA2G4C",0.6,"ENSG00000105499",8605,"Q9UP65",1,1,1
"PLAA",0.6,"ENSG00000137055",9373,"Q9Y263",1,1,1
"PLCG1",0.6,"ENSG00000124181",5335,"P19174; Q4LE43; Q9UFY1",1,1,1
"PLG",0.6,"ENSG00000122194",5340,"Q5TEH5; P00747",1,1,0.666666666666667
"PON1",0.6,"ENSG00000005421",5444,"P27169",4,7,0.729166666666667
"PPARD",0.6,"ENSG00000112033",5467,"F1D8S7; Q03181",1,1,0.8
"PPIEL",0.6,"ENSG00000291129",728448,"",1,1,1
"PPP2R2C",0.6,"ENSG00000074211",5522,"Q9Y2T4",1,2,0.5
"PRKCZ",0.6,"ENSG00000067606",5590,"Q05513",1,1,1
"PRODH2",0.6,"ENSG00000250799",58510,"Q9UF12",1,1,1
"PROKR2",0.6,"ENSG00000101292",128674,"Q8NFJ6; A8K1T0",1,2,1
"PRSS16",0.6,"ENSG00000112812",10279,"F2Z2N5; Q9NQE7",1,1,0.666666666666667
"PSD",0.6,"ENSG00000059915",5662,"A5PKW4; Q86YI3",1,1,1
"PSD3",0.6,"ENSG00000156011",23362,"Q9NYI0; B3KRC4",1,1,1
"PSEN2",0.6,"ENSG00000143801",5664,"P49810",2,5,1
"PTGDS",0.6,"ENSG00000107317",5730,"P41222; A0A024R8G3",1,2,1
"PTPN4",0.6,"ENSG00000088179",5775,"P29074",1,1,1
"RACK1",0.6,"ENSG00000204628",10399,"E9KL35; P63244",1,1,1
"RANBP9",0.6,"ENSG00000010017",10048,"Q96S59",1,1,1
"RAPGEF4",0.6,"ENSG00000091428",11069,"B7Z278; Q8WZA2",1,0,1
"RARA",0.6,"ENSG00000131759",5914,"A8K840; A8MUP8; F1D8N9; P10276; Q6I9R7",1,2,0.666666666666667
"RASD2",0.6,"ENSG00000100302",23551,"Q96D21",1,2,0.75
"RB1CC1",0.6,"ENSG00000023287",9821,"Q8TDY2",1,1,1
"RELA",0.6,"ENSG00000173039",5970,"A0A087X0W8; Q04206",1,1,1
"RFX4",0.6,"ENSG00000111783",5992,"Q33E94",1,2,1
"RGS2",0.6,"ENSG00000116741",5997,"P41220",1,1,0.75
"RGS5",0.6,"ENSG00000143248",8490,"O15539",1,1,0.5
"RHD",0.6,"ENSG00000187010",6007,"Q7RU08; B4DLT8; Q9UPC8; A0A1B1R0Y1; E7EVW1; Q02161; Q1KT12; Q5XLT0; Q5XLS8; Q5XLT3",1,3,1
"ROBO1",0.6,"ENSG00000169855",6091,"Q1RMC8; Q9Y6N7",1,1,1
"ROBO2",0.6,"ENSG00000185008",6092,"F8W703; Q9HCK4",1,1,1
"SAT1",0.6,"ENSG00000130066",6303,"A0A384NQ10; P21673",1,2,1
"SCAMP5",0.6,"ENSG00000198794",192683,"A0A0A8K8F5; Q8TAC9",1,1,1
"SELP",0.6,"ENSG00000174175",6403,"Q6NUL9; Q5R341; P16109",1,1,0.75
"SERPINE1",0.6,"ENSG00000106366",5054,"P05121",1,1,1
"SERPINI1",0.6,"ENSG00000163536",5274,"Q99574; A0A0S2Z455",1,1,0.5
"SHH",0.6,"ENSG00000164690",6469,"Q15465",1,1,1
"SIGMAR1",0.6,"ENSG00000147955",10280,"B4DR71; A2A3U5; A0A7P0Z4C2; A0A7P0T9D5; Q99720",1,2,0.6
"SIN3A",0.6,"ENSG00000169375",25942,"Q96ST3",1,1,1
"SIRPB1",0.6,"ENSG00000101307",10326,"O00241; H9KV29; Q5TFQ8",1,2,1
"SLC12A6",0.6,"ENSG00000140199",9990,"Q9UHW9; Q6NSI7",1,3,1
"SLC19A1",0.6,"ENSG00000173638",6573,"P41440",1,2,1
"SLC1A1",0.6,"ENSG00000106688",6505,"P43005",3,2,0.916666666666667
"SLC23A3",0.6,"ENSG00000213901",151295,"Q6PIS1; B7Z508",1,1,0.5
"SLC30A3",0.6,"ENSG00000115194",7781,"Q99726; B4DXX8",1,1,1
"SLC39A3",0.6,"ENSG00000141873",29985,"Q9BRY0",1,1,1
"SLC6A12",0.6,"ENSG00000111181",6539,"P48065",1,3,1
"SLC6A13",0.6,"ENSG00000010379",6540,"Q9NSD5",1,1,1
"SLC7A10",0.6,"ENSG00000130876",56301,"Q9NS82",1,1,0.5
"SLIT3",0.6,"ENSG00000184347",6586,"O75094",1,1,1
"SNAP29",0.6,"ENSG00000099940",9342,"O95721",1,1,1
"SND1",0.6,"ENSG00000197157",27044,"Q7KZF4; A0A140VK49",1,1,1
"SOX10",0.6,"ENSG00000100146",6663,"P56693",1,5,0.777777777777778
"SOX3",0.6,"ENSG00000134595",6658,"P41225",1,1,1
"SP1",0.6,"ENSG00000185591",6667,"P08047",1,3,0.857142857142857
"ST6GALNAC1",0.6,"ENSG00000070526",55808,"Q9NSC7",1,1,1
"STH",0.6,"ENSG00000256762",246744,"Q8IWL8",1,1,1
"STK39",0.6,"ENSG00000198648",27347,"Q9UEW8",1,1,1
"STMN1",0.6,"ENSG00000117632",3925,"A0A140VJW2; P16949",1,3,1
"STON2",0.6,"ENSG00000140022",85439,"Q8WXE9; H0YJ05; A0A3B3IU55",1,2,0.666666666666667
"SYNGR1",0.6,"ENSG00000100321",9145,"O43759",2,6,1
"TAAR6",0.6,"ENSG00000146383",319100,"Q96RI8",1,3,1
"TAP1",0.6,"ENSG00000168394",6890,"Q03518; B7Z7P4; X5CKB3; A0A0S2Z5A6",1,1,1
"TAP2",0.6,"ENSG00000204267",6891,"Q5JNW1; Q9UP03; X5CMH5; Q03519",1,1,0.5
"TF",0.6,"ENSG00000091513",7018,"A0PJA6; Q06AH7; P02787",2,2,0.9375
"TGM2",0.6,"ENSG00000198959",7052,"B4DIT7; P21980; V9HWG3; B4DTN7",2,4,1
"TNIK",0.6,"ENSG00000154310",23043,"Q9UKE5",1,1,1
"TP53",0.6,"ENSG00000141510",7157,"A0A087WXZ1; A0A087X1Q1; P04637; A0A087WT22; Q53GA5; H2EHT1; K7PPA8",1,1,0.9
"TPT1",0.6,"ENSG00000133112",7178,"A0A0B4J2C3; A0A0P1J1R0; P13693",1,1,1
"TREM1",0.6,"ENSG00000124731",54210,"Q9NP99; Q38L15; K7EKM5",1,2,1
"TRPC7",0.6,"ENSG00000069018",57113,"Q9HCX4",1,1,1
"TSNAX",0.6,"ENSG00000116918",7257,"Q99598",1,3,0.6
"TSNAX-DISC1",0.6,"ENSG00000270106",100303453,"",2,4,1
"TSPO",0.6,"ENSG00000100300",706,"P30536; O76068",1,1,1
"TYR",0.6,"ENSG00000077498",7299,"L8B082; P14679",1,1,1
"ULK4",0.6,"ENSG00000168038",54986,"Q96C45",2,4,1
"VDR",0.6,"ENSG00000111424",7421,"P11473; F1D8P8",1,1,1
"VSNL1",0.6,"ENSG00000163032",7447,"P62760",1,2,1
"XRCC1",0.6,"ENSG00000073050",7515,"Q59HH7; B2RCY5; P18887",1,1,1
"XRCC4",0.6,"ENSG00000152422",7518,"Q7Z763; Q13426",1,1,1
"ZMYND11",0.6,"ENSG00000015171",10771,"B7Z2J6; Q15326; Q5BJG6; Q5UGI2",2,1,0.75
"ZNF74",0.6,"ENSG00000185252",7625,"Q05BG0; Q16587; A8K5P3",1,1,1
"CPLX1",0.583333333333333,"ENSG00000168993",10815,"O14810",3,3,0.933333333333333
"CPLX2",0.583333333333333,"ENSG00000145920",10814,"Q6PUV4",3,4,0.966666666666667
"KCNQ3",0.583333333333333,"ENSG00000184156",3786,"O43525",3,2,0.833333333333333
"MAGI2",0.583333333333333,"ENSG00000187391",9863,"B7Z4H4; Q86UL8",3,5,0.972222222222222
"TDO2",0.583333333333333,"ENSG00000151790",6999,"P48775",3,7,0.785714285714286
"ADCY8",0.575,"ENSG00000155897",114,"P40145; Q4F7X0; A0A0K0K1K3",2,3,1
"APC",0.575,"ENSG00000134982",324,"Q4LE70; P25054",2,3,1
"ARRB2",0.575,"ENSG00000141480",409,"Q59EM5; P32121; Q68DZ5; K7ENA6",2,2,1
"BCL9",0.575,"ENSG00000116128",607,"O00512; Q1JQ81",2,3,0.875
"CADPS2",0.575,"ENSG00000081803",93664,"B7ZM57; X5DNG0; Q86UW7",2,2,0.916666666666667
"DCLK1",0.575,"ENSG00000133083",9201,"B7Z5K4; A0A9L9PXT2; O15075; Q5VZY9",2,2,1
"DUSP6",0.575,"ENSG00000139318",1848,"Q16828; Q53GP9",2,3,0.833333333333333
"GNB1L",0.575,"ENSG00000185838",54584,"Q9BYB4",2,5,0.428571428571429
"HDAC4",0.575,"ENSG00000068024",9759,"P56524; A0A7I2SVS4",2,3,0.5
"HIF1A",0.575,"ENSG00000100644",3091,"D0VY79; Q16665",2,2,1
"ND1",0.575,"",4535,"U5Z754; P03886",2,1,1
"PMCH",0.575,"ENSG00000183395",5367,"P20382",2,2,1
"POLG",0.575,"ENSG00000140521",5428,"E5KNU5; P54098",2,3,1
"SLC17A6",0.575,"ENSG00000091664",57084,"Q9P2U8",2,4,1
"SLC1A6",0.575,"ENSG00000105143",6511,"B7Z7Q5; P48664",2,2,0.9
"WNK3",0.575,"ENSG00000196632",65267,"Q9BYP7",2,2,0.9375
"DLX1",0.566666666666667,"ENSG00000144355",1745,"X5D2F9; P56177",3,3,1
"GABRA1",0.566666666666667,"ENSG00000022355",2554,"A8K177; P14867",3,4,0.933333333333333
"GSK3A",0.566666666666667,"ENSG00000105723",2931,"P49840",3,3,0.952380952380952
"MBD5",0.566666666666667,"ENSG00000204406",55777,"Q9P267",3,6,0.916666666666667
"ACTL6B",0.55,"ENSG00000077080",51412,"O94805",1,1,1
"ADCYAP1R1",0.55,"ENSG00000078549",117,"A0A090N8F8; A0A994J7E9; P41586",1,1,1
"ADGRL1",0.55,"ENSG00000072071",22859,"O94910",1,1,1
"ALOX12",0.55,"ENSG00000108839",239,"P18054",2,2,0.75
"BID",0.55,"ENSG00000015475",637,"P55957; A8ASI8; B3KT21; B2ZP79",2,2,1
"CACNG5",0.55,"ENSG00000075429",27091,"Q9UF02",2,2,1
"CADM1",0.55,"ENSG00000182985",23705,"Q9BY67; A0A4Z1; X5DQS5; X5D8W0; X5DQR8; X5D7A8",2,2,1
"CBS",0.55,"ENSG00000160200",875,"P35520; B7Z2D6; Q9NTF0",2,2,1
"CCNA2",0.55,"ENSG00000145386",890,"P20248",1,1,1
"CDC25C",0.55,"ENSG00000158402",995,"P30307; B4DX61",1,1,1
"CDK5R1",0.55,"ENSG00000176749",8851,"Q15078; Q8N619",1,1,1
"CEACAM21",0.55,"ENSG00000007129",90273,"A0A0B4J1W4; A0A0G2JSC8; Q3KPI0",1,1,1
"CHD1",0.55,"ENSG00000153922",1105,"O14646; B3KT33",1,1,1
"CKB",0.55,"ENSG00000166165",1152,"V9HWH2; P12277",1,1,1
"DAZAP1",0.55,"ENSG00000071626",26528,"Q96EP5; A0A0S2Z569",2,2,1
"DHCR24",0.55,"ENSG00000116133",1718,"Q15392",1,0,1
"DHX30",0.55,"ENSG00000132153",22907,"H7BXY3; Q7L2E3",1,2,0.666666666666667
"DYM",0.55,"ENSG00000141627",54808,"Q7RTS9",1,1,1
"EGR2",0.55,"ENSG00000122877",1959,"P11161",3,4,0.944444444444444
"ESAM",0.55,"ENSG00000149564",90952,"Q96AP7",1,1,1
"F2",0.55,"ENSG00000180210",2147,"P00734",1,1,1
"FABP5",0.55,"ENSG00000164687",2171,"E7DVW5; Q01469",1,1,1
"FBP1",0.55,"ENSG00000165140",2203,"P09467; Q2TU34",1,1,1
"FBXL3",0.55,"ENSG00000005812",26224,"Q9UKT7",1,1,1
"FEV",0.55,"ENSG00000163497",54738,"Q99581",1,1,1
"GABRA3",0.55,"ENSG00000011677",2556,"P34903",3,7,1
"GATA1",0.55,"ENSG00000102145",2623,"P15976",1,0,1
"GJA8",0.55,"ENSG00000121634",2703,"X5D7G1; P48165",1,1,1
"GRID2",0.55,"ENSG00000152208",2895,"O43424",1,2,1
"HCN1",0.55,"ENSG00000164588",348980,"Q86WJ6; O60741",1,1,1
"HHAT",0.55,"ENSG00000054392",55733,"B7Z5N1; Q5VTY9",1,1,1
"HOMER2",0.55,"ENSG00000103942",9455,"Q9NSB8",1,1,1
"HTR1D",0.55,"ENSG00000179546",3352,"P28221",2,2,1
"IMPACT",0.55,"ENSG00000154059",55364,"Q9P2X3",1,1,1
"ITGA8",0.55,"ENSG00000077943",8516,"B4DN28; P53708",1,1,1
"ITGAM",0.55,"ENSG00000169896",3684,"P11215",2,2,1
"ITSN1",0.55,"ENSG00000205726",6453,"A7XZY7; Q15811; F8W7U0; Q6PD56",1,2,1
"KCTD12",0.55,"ENSG00000178695",115207,"Q96CX2; A0A140VJM4",2,2,1
"KIT",0.55,"ENSG00000157404",3815,"P10721",1,0,1
"KMT2E",0.55,"ENSG00000005483",55904,"Q8IZD2",1,0,1
"LAMA2",0.55,"ENSG00000196569",3908,"Q59H37; P24043",1,2,1
"LDHA",0.55,"ENSG00000134333",3939,"V9HWB9; P00338",2,2,1
"LIF",0.55,"ENSG00000128342",3976,"P15018",1,1,1
"LMOD2",0.55,"ENSG00000170807",442721,"Q6P5Q4",1,1,1
"LMX1A",0.55,"ENSG00000162761",4009,"Q8TE12",1,1,1
"MANEA",0.55,"ENSG00000172469",79694,"Q5SRI9",1,0,1
"MBNL1",0.55,"ENSG00000152601",4154,"Q86VM6; Q9NR56",1,1,0
"MCHR2",0.55,"ENSG00000152034",84539,"Q969V1",2,3,1
"MDGA1",0.55,"ENSG00000112139",266727,"Q8NFP4",2,3,1
"MIR206",0.55,"ENSG00000207604",406989,"",2,2,1
"MLC1",0.55,"ENSG00000100427",23209,"Q15049",2,3,0.857142857142857
"NFASC",0.55,"ENSG00000163531",23114,"O94856; B4DRH7",1,1,1
"NPAS2",0.55,"ENSG00000170485",4862,"Q99743; A2I2P5",4,8,1
"NUFIP2",0.55,"ENSG00000108256",57532,"Q7Z417",1,1,1
"PACS1",0.55,"ENSG00000175115",55690,"Q6VY07",2,1,1
"PALB2",0.55,"ENSG00000083093",79728,"Q86YC2",1,1,1
"PC",0.55,"ENSG00000173599",5091,"P11498",1,1,1
"PCDH10",0.55,"ENSG00000138650",57575,"Q9P2E7; X5D999; Q9NSR3",1,1,1
"PCDH17",0.55,"ENSG00000118946",27253,"O14917",1,1,1
"PDE1B",0.55,"ENSG00000123360",5153,"B4DK72; B3KX78; Q01064; Q7Z364",1,1,1
"PECAM1",0.55,"ENSG00000261371",5175,"P16284",1,1,0.5
"PIP4K2C",0.55,"ENSG00000166908",79837,"B3KQV3; Q8TBX8",2,3,1
"PLLP",0.55,"ENSG00000102934",51090,"Q9Y342",1,1,1
"PPID",0.55,"ENSG00000171497",5481,"Q08752; E5KN55",1,1,1
"RERE",0.55,"ENSG00000142599",473,"Q9P2R6",1,1,1
"RETREG2",0.55,"ENSG00000144567",79137,"Q8NC44; B3KR51",1,1,1
"RNF41",0.55,"ENSG00000181852",10193,"Q9H4P4",1,1,1
"SBNO1",0.55,"ENSG00000139697",55206,"A3KN83",1,1,1
"SEC24C",0.55,"ENSG00000176986",9632,"P53992",1,1,1
"SHMT1",0.55,"ENSG00000176974",6470,"P34896",1,1,1
"SLC9A3",0.55,"ENSG00000066230",6550,"P48764",1,0,1
"SOCS2",0.55,"ENSG00000120833",8835,"O14508",1,1,1
"SOX5",0.55,"ENSG00000134532",6660,"P35711; T2CYZ2; F5H0I3",1,1,1
"SRD5A1",0.55,"ENSG00000145545",6715,"B7Z4D8; P18405",1,1,1
"SRPX2",0.55,"ENSG00000102359",27286,"O60687",1,1,1
"STK33",0.55,"ENSG00000130413",65975,"B4DDH2; Q9BYT3; F8WAK5; B3KS39",1,0,1
"THSD7A",0.55,"ENSG00000005108",221981,"Q9UPZ6",1,1,1
"TMEM245",0.55,"ENSG00000106771",23731,"H7C0G1; Q9H330",1,1,1
"TMLHE",0.55,"ENSG00000185973",55217,"Q9NVH6",2,2,1
"TPI1",0.55,"ENSG00000111669",7167,"Q53HE2; V9HWK1; P60174",1,1,1
"TSPAN8",0.55,"ENSG00000127324",7103,"P19075",2,2,1
"UCP2",0.55,"ENSG00000175567",7351,"P55851",2,3,0.166666666666667
"UNC13A",0.55,"ENSG00000130477",23025,"Q9UPW8",1,3,1
"VWA8",0.55,"ENSG00000102763",23078,"A3KMH1",1,1,1
"XIRP2",0.55,"ENSG00000163092",129446,"A4UGR9",1,0,1
"DKK4",0.533333333333333,"ENSG00000104371",27121,"Q9UBT3",3,3,1
"PLA2G6",0.533333333333333,"ENSG00000184381",8398,"O60733",3,3,1
"PRKCI",0.533333333333333,"ENSG00000163558",5584,"P41743",3,4,1
"ADCY7",0.525,"ENSG00000121281",113,"Q86YI0; P51828; F5H4D1; B3KSJ0",2,2,1
"CACNA1A",0.525,"ENSG00000141837",773,"O00555; B5TYJ1; Q9NS89; A0A087WW63",2,1,1
"HDAC5",0.525,"ENSG00000108840",10014,"Q9UQL6",2,2,1
"HRAS",0.525,"ENSG00000174775",3265,"P01112; X5D945",2,1,1
"KMT2A",0.525,"ENSG00000118058",4297,"Q03164; E9PR05",2,3,1
"MC4R",0.525,"ENSG00000166603",4160,"P32245",2,2,1
"PCDH15",0.525,"ENSG00000150275",65217,"A2A3E6; E7EM53; A0A087WZN9; A2A3E8; A2A3E7; A0A087WTR6; A9Z1W1; Q96QU1; A2A3D8; A0A087X1T6",2,5,0.9
"RAI1",0.525,"ENSG00000108557",10743,"Q7Z5J4",2,2,1
"TRANK1",0.525,"ENSG00000168016",9881,"A0A2R8YEM9; O15050",2,2,1
